transaction number,account number,card number,amount,transaction status,date,time
224B4F9F-FA7F-2992-8659-7B189B5595AE,KZ246977514125755775,522336 8516983980,360,fail,30-04-2020,14:24
B6F4F18C-A42D-BA17-D737-E9F9925B232E,VG7324258604826308266425,6.76774E+15,249,fail,23-07-2019,23:05
6984CB2D-7D3D-27D6-9A95-DE9C2E7BF4C2,NL44JLQU9362614187,575151 838851 1760,249,success,10-12-2020,07:11
E9D1E610-5241-2E2A-4444-C9CCC5939B3C,CR7416287732634460068,453978 2828164411,376,success,27-11-2020,16:25
17891DDA-6075-909D-EB1B-11CD18C7C2A6,RO77LUOI2763438193668859,633 48177 56479 840,998,success,21-05-2021,03:17
A4C441EA-EB4B-682E-86C6-CDB5C54B52BC,IE05WXHS58012276446389,417 50017 29388 188,676,success,04-06-2020,20:04
3144EB2A-32B0-7956-ED93-3017DC727DFE,RS28287403825528701823,6.76727E+18,867,success,29-05-2019,12:42
CB25AA4C-8316-76E5-48D1-F2BC714181D9,BE36362782258581,3.78214E+14,74,fail,04-02-2019,22:00
B33428C2-4DB4-88ED-87BA-B6C94E347767,FO2257531471211371,6.70949E+17,825,fail,22-11-2018,00:14
4CC9D8CA-2736-ABD6-3265-AEE85184E2B7,NO8358480541558,503829 564634 4970,533,fail,16-12-2020,02:00
62484342-4413-1CAF-2262-107333C74ADD,DK7682231603173354,3.64187E+14,807,success,22-06-2019,19:21
D8F786B9-1EBF-002D-542D-6979828B652B,HU97361913199831393446555521,3.65838E+14,694,success,15-03-2019,10:51
B4B76E8D-17C0-81A1-D4E3-CD6FE8A72BEB,HU60617054618232926056628711,3453 666547 56255,452,success,27-04-2021,15:59
4A1234ED-5E0A-8E50-D1BD-7C6A061E8188,LU233803822825932856,648443 3784677542,262,success,13-09-2020,12:49
882729EF-D776-AE2E-CA17-CF90D5E9E216,AL80594572751550325608346654,3444 631247 54225,883,fail,28-08-2018,21:52
9277794D-8948-8235-D592-4867253EA78C,GE82242370429494073292,633 46451 34523 728,842,fail,29-08-2019,23:08
216EC907-3671-3279-4596-4D554E7B9AA7,PL35541914672558652466696805,657488 8866624731,878,success,24-01-2020,00:16
CA014356-E41D-D5B3-4499-A58959741713,ME15601109112152784856,5171 2979 6743 5731,271,fail,04-06-2020,23:01
0E3D3366-EBFF-92D3-9A3C-FCEC21884BDF,ME98542484711262179779,3.61662E+14,151,success,10-04-2019,02:26
68523D53-0702-10FA-D49D-A62CD4C9ABA9,KZ465621017520714176,3.78873E+14,36,fail,03-09-2018,12:35
BE71791E-8A83-A26B-010C-7C17EB6B3C78,SA7225454423705696375783,4.91347E+15,109,success,22-06-2018,22:35
6EC66BA1-2AED-4ACB-4344-248DC5C2A30B,DK9163768580876331,644586 718398 7572,793,fail,14-07-2019,13:40
C1393454-C82D-CC86-9577-AC96B79AEDB3,LV06FRHL5443132474699,6.70911E+16,648,success,22-04-2019,19:12
BC7B99B8-B02B-E21E-25AE-277BDF4C30E2,MU6455818335035558798757257593,402695 6937938960,520,fail,29-05-2019,16:58
BC77DD81-5467-DD92-327A-322D9CA4BD55,GI22IDQO589189886685288,453 23733 65774 619,686,success,09-02-2021,06:20
CFB3E07B-10D8-A27E-36E7-756D7A1DE193,BE32525913237158,630434 659232 9627,210,fail,10-04-2021,19:01
3A27A66E-E355-8ADD-AAD2-E8A2D3D5A2DC,GE94823316817677544919,4026 5446 5758 1440,275,success,14-08-2019,18:39
DB697DA3-DE13-D2BC-DC5B-1A2DC9D2136C,MK67495672347552084,513474 5715796719,74,fail,17-10-2019,09:17
57EB081F-5A37-39B7-4522-E17388766764,PT60850765678418382205158,6.30419E+18,474,success,19-12-2020,12:05
14C0D7C9-72FA-5BC1-B658-BA763E05E82E,PS251467203204755474697380596,3713 167443 44940,744,success,27-01-2021,14:31
9DE3A449-6314-0FB3-DE9D-187C60DF9A60,SK7532113250145271617256,670642 6838562621,310,fail,24-06-2020,15:10
DA819549-26BC-7617-7F3A-56676880CAD9,LT480241241752441645,3693 886726 24779,966,fail,11-06-2019,06:16
0DABA603-6B23-1A6B-1B6C-397CCC8EFD86,HU23812524120472612287120449,4.71677E+12,320,fail,27-01-2021,16:57
58D16E35-74DC-8BCA-56AC-66D67CED78C6,EE731592032356454788,2.14984E+14,535,fail,09-01-2021,21:15
A66684CC-5C47-A61E-6BE5-1CA3B93BC98A,TR951944547769274546198874,3.05733E+14,595,success,09-02-2020,16:43
777CE004-1677-C4F3-F12B-5BEBA579546A,HR9176110784525534274,6.33467E+18,383,success,25-04-2020,13:03
7FBD4E15-8006-4576-3F1D-1468B8A9B318,DE71818275837236307412,4556 3246 6436 3886,373,success,16-02-2021,08:35
35C91ACE-A401-936D-C782-494A735D1692,LT591014132335859791,448 57757 66152 350,672,success,26-01-2019,07:17
A4245AE8-2EC2-2667-3FB1-4775CB2744C2,FI0670235053838545,402665 253452 3855,127,fail,04-11-2019,01:40
0E254BD6-D99A-25ED-B8BA-640DB4A578A6,BA453599177941544924,3.77645E+14,42,fail,26-10-2018,04:14
60213339-D79C-23B4-56CB-9A294D0A574D,HU34197460503465856030565094,6011 8317 1548 7323,306,success,12-10-2019,17:54
F84A4811-BDB6-7FB7-2A93-BD40071D5C25,SK5161675017131273622453,2014 412668 38296,596,success,13-04-2019,07:56
2E35BC9A-0CAE-B0C7-7BDD-D48F171599D3,CY65205597564034428468455429,450826 4489766427,663,fail,24-12-2018,10:50
61EC5C1B-B97E-3A46-AC1E-EA4917253D1C,VG1830486492014978720461,2014 244876 17970,992,fail,16-09-2018,03:01
B21A2EB8-29E2-4A59-1E11-8E9CC134B926,DK7642658095973444,3428 665875 15424,798,fail,30-03-2021,20:42
E8127933-F870-243A-CA8C-31A0E2E979FB,MD4297964851365228526723,490558 57 1852 9122 384,859,success,01-08-2018,03:03
EC1E1154-F6D7-2BBB-7734-D3C49682338D,SM0922778511567857439826070,633422 84 6584 2977 856,817,success,26-09-2018,03:59
CC83BE46-92BA-B6C5-68B7-312A3E3E4B62,SA8816660585098652613843,6.76776E+18,822,fail,24-01-2019,14:23
58A5F951-BFFE-2D4C-8C73-FB0C0102B68C,RS35076354713429332414,3.62761E+14,123,success,24-01-2020,23:15
7316AD79-CCF4-8BC3-A74B-1AECE6A7B39E,CR0553235968126443687,5.01884E+18,895,fail,28-11-2018,03:09
7A03059C-184E-BC33-315D-CA8A2C2358F1,CH2968187742811231300,6.45756E+15,928,success,06-06-2019,16:09
F642B2C5-A938-5A18-B99D-EB2C75E9DB64,TR585754433383328427924545,6.33458E+15,106,fail,12-07-2019,09:09
C45D32C6-DE78-424E-15B4-A7E86872678C,BE75696850973836,2149 728433 76660,153,success,21-05-2020,18:02
2B179426-BA99-1BC2-C8D3-4687DBAA759F,IT914KDKPI93730105930306143,539383 778425 5960,715,fail,16-10-2019,13:39
AEAEEEAB-6142-A3BF-3B20-91A1AC7A6ABD,MD7996264501127467708026,514768 4884127767,621,fail,20-11-2020,00:37
CDA92F51-D38E-BFD2-0DE6-517AAE6D4645,EE215421637463874128,2.01455E+14,636,fail,18-02-2020,09:01
429E1145-5CE0-1DE8-3E98-10D3A73C3BE3,GR3531267802358000866263356,633110 83 7649 8626 872,689,fail,10-07-2019,12:22
7E97CA33-A70C-B392-C2A8-8C47D427C62D,BA331503275648564212,6304 6117 5787 8472,426,fail,04-09-2019,11:17
EA9539E4-AC28-6D8E-A6AA-899553E903E8,PT86119455374732073877111,646777 5784251830,972,success,11-10-2019,00:54
282EC704-8D3B-6C43-5CC3-836383D84BB1,LV93CMLI7745269221716,3622 766824 44725,500,success,04-06-2021,16:37
935347DE-8B71-9B74-4C83-35095DA7C682,AZ81651415895844863650697647,6.70952E+18,391,success,22-01-2019,10:24
BDA66F5B-499E-39BB-48B6-6B885F9BF536,SK9284471631185663374710,3.65477E+14,70,success,20-10-2020,17:40
4C2D124C-AB9E-297A-1217-A45C6932931C,KZ567884153934515786,4.48538E+15,879,fail,30-06-2020,05:03
669D4946-3BD4-1153-C237-B2B0149F6341,SA7118165747743091564036,6.30455E+16,790,fail,25-09-2019,12:06
830251FA-ED5A-B7AE-EF82-F95E2123BF01,LU317835502382244703,417500 4234778612,350,success,10-09-2020,10:00
D7930CE5-88A3-C79B-61BA-7CCE6F26A5AB,CH2228285637292380448,4.92998E+15,769,success,25-12-2019,20:00
CBBA175D-66FA-A753-D8A1-324CD9572BE6,LU968582896684274455,5038 4369 8431 6879,61,success,28-02-2021,02:50
7368BE87-2855-DD76-B75C-377E18609B6B,LB28526428375253225737022518,3.68259E+14,917,fail,16-06-2018,09:52
C7474E68-BF89-9B5F-5CBB-C1ABBE52437B,MT52FULV96460850721873059724275,3655 659956 53221,430,fail,23-12-2020,07:34
D5C72539-A353-D48A-1357-CCA4D451794A,KW3696482821240314847956499663,5.01862E+18,403,fail,26-02-2020,11:52
D286D285-6A87-8926-2C54-DFD15CA4C92A,TN2193114457873852455814,3.75437E+14,896,success,09-03-2019,04:06
A31A3BD1-236C-A1B4-ED97-3C17D86D6CB7,BH24454217424532193488,6.55775E+15,165,success,15-05-2020,03:10
F7A6A91E-DB59-8AE9-E7B0-CC2534F8FD99,HR0301186071788429287,630455 218774 7442,651,fail,18-03-2019,12:19
A8BCE749-8B26-7103-08F7-5B4CB6833881,TR112472662741778784725420,2.14955E+14,250,success,28-03-2019,00:42
4A75899C-8AB0-C2BB-E8CA-E867B3BE9CF9,SK5373376226655456410895,670636 5868858329,555,success,01-07-2018,16:21
169D078B-29AC-4227-5C00-B8A48154341A,NL14TWJN9106535575,6.33474E+18,965,success,14-02-2019,14:54
E17D6F1B-04EE-C1EE-9238-FE759430A8A1,KW1311611882184451462222466277,4.175E+15,889,fail,07-02-2019,03:54
9232490D-6358-94A3-326D-342DD2633D25,CH8624849770128592712,450873 274263 2552,597,fail,15-07-2020,23:30
25E2B7EB-20DD-C7EE-EAE1-C9E63E7F81C9,SE3278336349863766316282,491 75242 35291 813,547,success,31-05-2021,17:31
5277E8F4-C679-C457-3C0A-F47E54E94D73,CR5370683846690731782,3687 533574 35984,276,success,02-02-2021,00:21
43D8976B-701D-3D9C-E3F1-677A20DABF44,NO3165188238285,601174 5493643685,191,success,10-11-2018,15:35
EA3FECD9-19E7-8839-2242-BA2D6FE2FAE7,MR8202628108337655427225203,6759 2723 4752 3753,74,success,05-08-2020,12:07
2CCE8273-4A7C-9721-C2A0-4D693A4C23D5,IL542494265775266175484,5.24759E+15,315,success,20-11-2020,19:35
5769029C-601A-804B-3B36-0598438E9412,GB06KBCM91240223027673,402624 3783338359,939,success,11-03-2020,12:52
CD1AB45C-F2D4-C641-E62B-6CE49DB9CCB3,LB16528411484141616818440233,553 56574 27219 234,137,fail,05-06-2021,20:55
56DBBD73-5F71-3227-377D-B476C91CAC4E,DO62071604972874951223343306,3622 322354 51428,563,success,02-08-2018,06:46
55699CB5-E10A-96BA-BA6E-B9604BF743F9,IT813CFYGI51377716631571969,3.64931E+14,399,fail,10-03-2021,23:43
5132E8CA-A6DE-4498-A9DA-318DA6CDEFD1,TN5285118846639627577245,6.76119E+13,780,fail,06-02-2021,05:30
256B753C-D828-3C49-D58B-087258A82013,IE24SCWQ56983582514848,3735 842277 17522,994,success,05-05-2021,13:58
0D625EE9-4C4B-1EA7-7C06-912B2A3115F6,SI52177712766955521,6331 1069 5567 7351,489,fail,19-12-2019,00:37
D45DFE27-35C6-ECE3-0B4A-453521F0D5A9,SA0988141941660201476531,3.74539E+14,992,success,11-05-2021,23:26
1CE844D5-65DA-7A74-1438-BC0767577E86,SK7778575969180048595070,630429 286686 3695,157,fail,03-09-2019,22:58
26A0C761-DBBE-B711-FA95-9642D41C27DE,GT26735190789120115444216304,6487 3229 3869 5590,163,fail,22-11-2020,01:33
BB7C8542-E568-F66E-A752-8BB28E89F20B,SM9436114082689336563356623,531694 818935 9275,147,fail,30-07-2018,21:05
27C6C9DD-5FA3-A626-6657-951C863BABA6,MR7985412822433311355850562,644 45876 83724 611,488,success,31-08-2019,21:16
5F18D210-85A5-84E9-4840-5CFCA5EAED74,PK7003076984465143117883,3.44997E+14,966,success,05-02-2019,18:32
223756D5-D9BC-3C3D-3A85-DD5FD455582C,BE71576659287752,2.01486E+14,944,fail,07-11-2018,19:55
179BEE1E-7895-E4B2-1493-970DB2B4BB8E,TN7032342808253325412958,3486 343637 97564,610,fail,10-02-2020,18:27
3A1FDA3E-8A96-C888-76DE-BD7E38DACF11,MT20OLEW29213394742323051571650,2.01462E+14,215,fail,25-08-2019,22:43
974C9C77-8A29-847C-C6DD-BAD926D2B3B4,MR7754300255758572421716226,6.48252E+15,387,success,30-04-2019,00:36
BCE4165E-F2C1-75B7-547C-968CBB359FCB,AZ39380243308779523279626872,6.33334E+17,499,fail,30-05-2021,06:50
D1141D9A-96E6-C89B-6D26-79DC1EB0C388,MT12NARG81842644695510744889644,6495 6196 2275 3860,680,fail,09-12-2018,06:58
C236C77D-A7C8-F4B2-E155-64594D243679,SM3318325957162174272455242,3009 443322 73266,385,fail,12-10-2020,20:52
75F0B66A-678A-729E-7782-3DCAD110AD27,IS901051218480739028372105,4432 4737 2772 2115,995,success,10-01-2019,18:14
4EDB19BF-56E4-8F95-9B33-A2BC6E585B15,MT74XRMT72134019564633020661468,2014 252336 75568,671,success,20-08-2019,01:48
CA47515F-11EE-BAA1-70F1-76D2D4A79A21,AT895583440298377021,4.93645E+18,588,fail,26-11-2018,22:46
E29E2DD1-46E8-D3AC-8DBE-BD7D2FDD94E8,AL77108141885724236554359158,517 77745 39873 338,911,success,11-03-2021,05:32
754DC92F-D7F4-D9E0-6B5D-39385697D3BA,BA668935914103003617,4.91313E+15,654,success,23-12-2018,14:28
577B2B75-DAE0-737A-CAC8-3462ADB97312,ME32153454618346528144,3028 822878 67377,741,fail,12-03-2019,10:22
6D9A69AA-6E12-52EE-B2B3-1B18ECFE6305,ES1008243203277918473848,3042 438712 14146,148,fail,07-10-2020,13:23
9A3AC243-34A0-2EF2-3417-775BDBE0C21C,LB25995111783716835971996974,490394 7935988824,115,fail,20-05-2019,06:28
01C05CBD-8E11-273A-4264-94CD30DAA582,AE513266542842242951686,3046 123678 73427,929,success,28-01-2019,18:46
513B6C08-24B5-5D88-0C18-542968145935,HU05672314127662361603452331,2.14963E+14,327,success,01-05-2020,22:34
9ABD1721-6514-849A-AA55-B895B4E7166A,MC0411139564767454896784745,3.63822E+14,161,fail,28-12-2019,00:37
32A988E6-2745-E8A9-E3B7-A7D1D3CCBB45,IS464981791178638037925784,3.61465E+14,373,fail,23-07-2019,22:35
B24D5835-1D12-2928-4153-E44A05FBECBD,KZ377276123354850813,2.14929E+14,610,success,14-07-2018,02:07
44C313E4-E6B9-A01E-84C5-3AF494B17EC9,PS249871723057253869477725161,492947 3156312719,311,fail,15-04-2021,22:31
B69A8732-E8B8-5415-5249-D24CBB8B358C,GE52666443182557745238,450 82189 74477 981,408,success,12-11-2018,08:57
5AA5D96D-9A41-B281-DA36-571116F82065,MK68218639162955377,538576 384656 5123,264,success,21-12-2020,12:24
A1245AAB-9C06-2A72-2550-D279D72AD484,DO37850225252004186885896027,3744 467521 28369,608,success,04-06-2019,15:26
0ABBD9AD-689B-287E-EB42-73C8825392A4,LB80581650272245765271175689,450827 393842 3241,236,fail,20-12-2020,11:12
0EF8DF24-88D2-81AD-F6A6-6CEA563694BB,DO48634024587363788584566543,514896 6496288932,415,success,20-04-2021,21:28
55437798-385A-C23C-019A-262BCCA2EE6B,LB59305282526816656157308815,2014 256558 95512,827,success,22-05-2020,09:17
9DC89C7B-AE1C-E16E-A244-AA2D4539E342,IS105553776228741857385658,2.14918E+14,612,fail,02-02-2021,09:27
2562B22D-AD95-8A96-F2BE-97E1817AC517,BE43043281512815,6761 854937 1948,948,success,09-02-2021,02:50
FD0ADE1F-F1E8-D7BB-6754-74EA6C0580DB,SE0358550620494335377884,3.66244E+14,203,fail,19-12-2020,12:02
C6473171-243D-9414-F1D3-AE8CA5942869,FI5168657816361827,6.70632E+18,38,fail,15-04-2020,03:22
1266D9BE-D430-F124-C432-1DC596228469,SK4762184613366945504692,6446 3349 6824 8745,972,fail,16-05-2021,13:07
2CAB23EC-453A-E29D-3AE9-1C2A7B6115B6,IS208310288257248416492312,676 78417 57586 466,485,success,28-09-2019,17:52
BD1469BF-8688-8223-A92C-9B0738D66096,CH4322458066318892377,3683 527855 48284,27,fail,29-11-2019,23:30
1B853A32-011E-2817-87A5-6E475278EBA5,RS78347886123318215216,525839 627436 2814,611,fail,19-07-2019,21:41
D54696CE-B68B-21D0-86CC-54A2A58EC146,LI6268189668760420488,4844 3358 9762 4169,19,fail,07-06-2018,00:58
64F53BDA-8396-9E12-6E34-E368DC71BDDC,LB42525928326600322507774467,3047 584193 22374,598,success,29-01-2021,08:50
E5C5950B-2633-EE9A-F4D2-786CE7B9AC6E,BH08922827257242462923,3.05911E+14,124,fail,10-06-2021,08:06
70A10E31-BD5E-B485-FC1B-9BF708CA38A2,MC5126517275468163773803563,5.89366E+11,898,success,27-05-2021,23:33
D4338D59-1395-CA75-0A9B-29FB8A5FD7DB,PT94293962181606828375733,3.76416E+14,992,success,25-09-2020,06:45
2A38BC66-4C92-7E61-B4BB-567A3954810D,SE7521385465556807733284,3671 667825 74841,622,success,16-09-2018,05:11
E2B6137C-3072-3142-6130-4335C1DCD349,TN1744082691471093580760,675949 665984 3125,814,fail,28-01-2019,10:50
6D715579-8F2D-68B4-456B-F2B80DB6136B,BG13YNQG56248250173830,491 18895 98928 699,912,fail,10-09-2020,19:00
6EA07122-45DE-9286-229D-857E85997DE4,MD3943696764231398073241,3.65272E+14,292,fail,27-10-2018,20:10
9E1F2811-7DCC-044E-DBB0-C8ADB1AEEB86,AT074906672173860727,3.05328E+14,708,success,28-09-2020,01:15
111DCD66-C3B4-4828-492F-2B42B883710C,PT74660342708875430072555,4.53274E+15,836,success,08-07-2020,19:35
3D63948E-79C6-3516-8E86-E5A73155C295,AT816472202812720458,6.76183E+13,514,success,18-07-2018,01:18
4B053D8F-5E72-4FD7-A592-3B378A3C5FA8,PL55384572425574771280881884,5.03825E+11,708,fail,14-05-2020,03:05
7D53A64C-5223-0B93-BECF-A0D29B8E8834,IL937239836688177885564,675959 37 3228 3328 898,475,success,08-10-2019,14:18
7A6C018E-6D60-2ABC-812C-57BFAC9DFA06,LV10IARJ0518466261045,670987 248296 2715,557,fail,16-08-2018,14:00
EE91EC60-935F-7632-2BE2-14072C511A4C,BA852647751241174088,6.77139E+15,575,success,11-12-2019,18:58
4414684C-58A2-3D28-339C-F60615A79429,CZ5654513784342813284737,3044 274544 95368,75,fail,02-07-2019,13:26
B7B4999D-AA52-3194-B143-CC89BD895DB2,DE69875610413018452480,3738 778747 48638,200,fail,21-02-2019,14:28
08B5CD7E-22A4-CF32-B4AD-DFA1AF3E2461,GT32247393871695730088462907,2.01446E+14,337,fail,27-04-2021,00:41
99F0499E-A4E6-C5D8-129D-E383F038DA2D,GR5644537648845416535451853,5641 8224 8749 9784,552,success,26-07-2018,09:48
5726E880-C612-EC26-7488-562408EBA2D1,GT71343792882532733472505798,4.84486E+15,262,fail,05-06-2018,14:21
BD20C192-0AC6-C281-623C-6838889A8B08,DK9385553160383528,676756 73 3825 3736 774,67,success,25-08-2019,15:54
8906A170-6833-4A3F-8230-B2F7FA6E35C7,AE775401556258073168046,6.70698E+18,18,success,04-10-2020,08:37
24A1AA93-A759-BAC1-114C-B8B2D012D543,GL0788938584592842,6.30498E+15,541,fail,12-02-2020,06:42
ADD4A4CC-F26E-856E-AC5A-E2440A51CF92,LB23331125276289752154566047,3.02377E+14,873,fail,05-09-2019,22:51
69560893-3D0E-6792-C7E7-902DC8504A07,MK81755037911667608,484 48177 94738 648,536,success,16-11-2018,00:47
15FEA32A-97D7-4387-24D1-938763D88152,HR1515714695333046820,5782 444541 25510,655,success,31-08-2019,03:21
FCA4F2D9-3421-8743-46EE-2DE18215D177,BA227676165036732700,450 88767 46644 996,449,fail,25-05-2020,20:50
6E57493B-359B-D13D-2C69-82F917AE256A,SE8650371158647557154658,630453 473246 5811,16,fail,05-04-2021,17:47
9EFC2E66-75C5-821E-B9A7-6DAB2263F6ED,PL41457852336205163865187081,491 79456 44643 551,595,fail,27-02-2019,23:11
A3995480-38C9-760C-2A9F-B38A09142280,FO3272135823974105,3015 664487 64372,118,success,19-05-2019,15:21
FD33B2A3-0140-C899-E21D-D4B9944A5CA1,DK2420285638676196,3.79145E+14,361,success,08-04-2021,23:26
F209DD27-E24A-24E2-CBDE-297739D39CAD,MC5332319885608332503376463,3632 283747 34375,885,fail,10-10-2018,08:08
265D2542-13D2-DA6E-716C-860E11755164,AT768142316264020281,3.49762E+14,33,fail,10-04-2020,20:29
E7948DB9-737E-3262-1DA7-506367A92319,BE14377241653217,649654 296842 3253,885,success,22-06-2018,10:42
59CCD8CC-6C4A-8E84-95E6-DB5687343137,SA2439651830557213392486,4485 7243 8395 4327,523,success,03-12-2019,21:21
FB88EB5A-C3DD-3B98-4687-8A73243D53A8,IL817222951156045432288,2149 524542 85327,480,success,21-03-2019,10:46
FA0CB58A-41B4-DF5C-B6BA-2AD51549651D,VG6932713659062244181024,675988 184747 5684,351,success,29-11-2019,04:26
CDD4C65D-B867-909C-BB66-C4859E1D6AB8,DK7872494718241408,4.17501E+15,579,success,16-11-2018,06:34
F1A345DE-15AD-A825-33BB-D6997318251B,SA4274321327374077098665,6761 835 44 5633,894,success,04-01-2019,02:39
8983E720-4125-95CA-AF11-5E3ABAC1C729,NO7324631856783,402646 265176 1258,892,fail,08-12-2018,13:46
726BD3A6-B778-6328-B2A4-A755C73C95DA,LV72KDXQ2871112253952,3724 258889 57224,831,fail,29-08-2018,10:12
03D5A268-B96B-1781-74E4-B6A8FF381D85,AZ07963985229313454256945328,471623 4383856770,406,success,18-12-2020,18:29
651AD38F-8D6D-4A76-A1CD-5086F2172C12,IE27RBDR28286451386412,6709 1239 3186 4551,817,fail,07-07-2020,00:08
A59CCC2E-6D27-7CDE-D087-64BB4C5D8FB2,KW2584539185961823713383273702,3.02321E+14,462,success,13-10-2019,16:26
1EDD8720-6938-1BB1-85FB-2BBB68CC8B51,ES4715116600858526384167,6497 5273 2845 8890,511,success,23-10-2020,10:07
F1BF1C51-7A84-5484-AE1E-BCDACDF43DC9,SA7872574709871197276783,417500 5199862184,484,success,01-06-2019,17:33
E78A3981-2EC1-4445-D320-0ED4676E1FD2,SI23524195239533515,630463 537626 3410,804,success,27-11-2018,19:37
A1A945CE-1B5B-3E4C-2331-E3C1DA66F883,FI8871143067607842,676 78911 99947 263,561,fail,29-08-2020,08:25
1DB21A72-41D7-139B-1051-68947B7346C9,RO82TZDH7657758862172114,5.29165E+15,573,fail,07-11-2020,18:15
9C9918B1-71B8-2BC2-161C-61B0E3D2621C,RO10OKVJ8235920051931737,6.30483E+11,98,success,14-01-2020,06:24
7DB13192-30BE-5266-D8C2-6ED629C1BEB4,MT80PBFX26723851814188253666665,490568 74 4652 5527 334,219,success,07-01-2021,13:51
C6444CC0-711E-55F6-904C-4E6214A16B68,VG3853461229137563246398,491143 2966895735,707,fail,20-04-2021,01:54
67A13CF7-4981-6844-CA18-EBAC2DED923D,CY16362639174739321753351223,633353 7833774820,80,success,10-01-2020,19:13
9D10BAA7-AC42-AD11-AB9C-3E23293D1A97,PK4811479791263539093327,5.27482E+15,967,success,29-03-2020,13:12
5CF5D887-D37D-489B-DAE6-4A24A960993F,IL718357112351577673852,4.93639E+18,496,success,09-12-2018,03:12
33CC6743-405E-3C7B-21E8-423017DCB5F6,KZ040621161905475214,630433 7572831351,512,fail,17-02-2021,16:19
9BCA201A-02CD-2891-A46E-B8DCFD2E082E,FR6214262511452791141877587,6.70628E+17,574,success,09-02-2021,13:38
5C4AEDA3-A339-1DC2-C56A-9B38DEF59DE7,NL71ZEYC4018410202,536 33428 85725 710,888,fail,15-10-2019,13:25
0FE96EEB-4286-2296-5929-A774A69578B8,ES0826383552609757196472,2.01453E+14,301,success,13-09-2020,03:15
DF1D7382-BEE2-C25A-CD98-7244D6BE0AC9,BE72542981684492,6.77129E+18,292,success,02-03-2021,00:15
486E347D-337C-4E8A-2C4A-43BDD1916B51,ES6299578622452357262900,6.70667E+17,848,success,29-03-2021,20:44
65249B87-561A-7314-E5A1-99C7D42DE56D,AZ35216850156259806535842904,4844 9238 3462 6585,944,success,09-02-2021,18:07
B65881E1-AC51-8B25-56C4-9C7D64588842,BE98133144618291,484481 676229 6464,416,fail,15-09-2019,17:08
8517D84D-DF46-4929-5B5B-9AE09DE073F4,IT509ZUYPI08235161772666344,3785 588345 83233,952,fail,10-09-2018,17:43
ABBC11AA-1938-9410-4250-214924C25B0B,CY33641351463262813199851351,5412 9225 8222 7382,563,fail,02-01-2019,16:25
49303CD8-54AA-C61D-A599-208C5B6A4B95,SI63685691366412108,5143 8738 3934 4627,541,success,29-02-2020,14:33
147E7452-4E1F-054A-AC17-A004D2CBBE96,GT56343266829156162745245058,6.70923E+15,167,success,21-03-2020,06:24
8E66CED6-CC83-0406-6718-2A79479C8532,CH3725751898773531674,6.44329E+15,108,fail,23-02-2020,14:58
799B2A87-699A-60E8-68CF-F9569BD57E07,FO3242136121778312,2.14939E+14,433,fail,20-11-2018,12:09
92989578-EB64-E3E3-B791-E4628F26593B,HR5136940391618487521,3.0082E+14,270,fail,20-04-2019,12:49
0D1D9D2E-BE1C-640A-23AF-86ED911D12BD,SI12523452293972871,484 46595 93638 631,482,success,30-12-2020,11:59
9CA84BCC-CB33-7CAC-EFBB-DC82951E585D,TN7831875836763249760327,484455 158121 5151,134,success,11-09-2018,18:56
653B2383-BB3E-9E3E-C246-B9E1EE329FD6,LB76231424138924525318366714,3.03217E+14,870,success,11-04-2021,13:49
DDC5B386-1ADA-4A9D-3A76-C583B4E4DB91,LV78LBTX4668604717267,5.58419E+15,331,fail,14-11-2019,02:34
2AAFF5A9-BDC5-4DC6-D101-153D92565527,GE87909562161937688495,478592 6468146516,115,fail,27-08-2018,04:07
2473119B-0599-8C09-4EC6-85E42DE4B4B4,BH86751557181649879284,542226 961433 8474,436,success,17-04-2020,19:40
A22BF6E3-A143-0D9B-7633-A1BFC0C3A3C6,GB11DKJC53804633875632,538717 592645 9465,147,success,22-07-2018,20:22
FBB4F225-4354-C118-1A37-DAD2C6FC9991,PL23243333236954719442372081,455664 625528 2392,79,fail,20-10-2019,12:25
3F868434-AD8D-6B34-876F-BC7675A67E1E,FR9166324495161011947421286,6763 365177 43453,463,success,12-09-2020,23:29
06C7B3EA-8692-52D9-EF0B-E8FCBF489785,HU52221143831939536368311971,2.14945E+14,406,success,20-05-2019,16:50
67968588-1E9E-B836-60AD-A9C24418C45B,AL59797828256417183357305052,3471 662492 45683,847,success,28-09-2019,14:07
CA76D7B2-3854-94A2-6437-0F07A34CD8D9,CY21357032853590373884333836,490535 546746 2424,962,success,14-08-2018,12:48
AD6D1C74-7405-3D5B-2B73-5623E75652BB,MT05MITZ91354369658450283104563,490 54724 72746 392,876,success,01-11-2020,02:52
91537547-617C-5F8D-69D3-DCA26A6BEE74,IL916110798760783208873,3614 681432 42167,421,fail,28-05-2021,09:27
565D0513-E33D-584D-BF22-CBB5675BA224,DK8888646264472655,6.30425E+18,394,success,29-07-2020,12:28
6B912795-10CF-4185-948C-2694161B6A98,AZ40565352535714969742380834,658836 2317265829,322,fail,03-10-2020,14:59
9515417D-1A3B-9181-16AB-005AC0E85560,DE69545575173666357312,544293 878792 2266,335,success,15-04-2019,21:46
6963562E-D0E2-BCD8-1971-E2786064826C,CZ8339156354332576632821,3.67519E+14,577,success,03-08-2018,15:33
583BE2B4-D722-C472-5E79-69FD56D25B98,EE598845214328827359,6.70942E+15,56,success,21-09-2019,10:06
D236BE4E-2645-9684-6599-C1636AF235DA,SI47393180623270494,6.76785E+15,601,success,08-11-2018,09:25
2612E329-8CD7-0337-405A-7219AE85F14E,KW2938277878205616125314828975,6.33496E+17,172,success,22-08-2018,01:08
EE54BDFE-C207-DADD-53C0-7655D8E754B2,RO46YXZQ9199666866650251,3.68675E+14,893,success,03-05-2021,15:06
B0A2CE25-5248-8A18-EAF4-C6BB71DD520B,BG94DMOH28731388827527,484 47557 77346 486,352,fail,09-08-2019,11:12
73D8111A-6357-3669-AB48-79ACC60E8D09,EE426552343592626027,3.74297E+14,664,success,29-01-2020,01:23
81226D9E-FCEE-35E2-ACB8-52656523C336,PT36310010735746771606112,4024 007 19 5662,381,success,10-01-2019,13:52
BA823529-CAD8-A391-649E-973CED583E5B,RO42JRKF6969488654623848,5.03872E+11,770,success,26-06-2018,23:28
1B0443AC-A347-AA57-0668-B8769080C85A,DE88749250890058535237,647684 213773 6245,788,fail,06-06-2018,17:13
FD713F22-8292-5C1B-DC65-4CE4C4D7424B,AZ18132241830050686687720480,670 66955 81475 864,105,success,11-06-2019,09:23
8FAA02F2-5C75-B649-8E32-65EB616BCB02,FO1648236805226812,6.70964E+17,385,success,04-07-2020,08:16
CAA1776D-6C8B-41C9-B7AC-DE869A68A836,IS431534863431541382056511,676 36345 29742 838,114,fail,19-11-2018,00:11
8704F5B7-B316-19DA-5524-A6A319178779,AD9085869849323446437511,3.05228E+14,138,success,29-07-2019,20:21
77191C18-EABE-9B54-A9A5-618CD28799E8,SK6373848592337324472269,4.91352E+15,731,fail,04-02-2019,22:14
A9AB53D5-9DC0-F5C3-CE76-FB632673A78D,KW7763778011760635397266741636,3656 867353 13445,282,success,02-12-2020,17:19
DAACA8F1-64AC-D78D-256D-08E5BD86A783,CY73942224571875326434035780,3624 272681 78431,138,success,21-05-2019,02:18
FA492A1C-581B-32DA-DA0C-3E1E9C8318CE,MT32JYWR64636539639194843669809,6462 8596 3872 1449,967,success,02-06-2021,17:03
64CC4008-9085-267D-9524-F939338AE6BE,BA512156485644668736,5.01838E+13,773,success,07-03-2019,04:27
9F09BDF7-38F3-3D53-1D78-615EA5D1E124,NO0632971159837,2.01423E+14,285,fail,05-11-2019,01:11
762D1B0F-BF27-9419-A5F1-52EDD5D289CD,BE27978618388115,5.13216E+15,899,fail,23-03-2019,09:03
AD09A91D-5F24-36AC-14EA-6198B956F796,RO57XFDY4669017317613215,2.14927E+14,84,fail,05-03-2020,01:31
ACB7E244-B724-0B13-2921-69EA45DF6F9E,GT93413533541408352038216371,656 24451 93527 865,934,success,27-03-2020,11:13
7FF1247F-BBEE-15A3-55BD-849C279CE332,AZ06721818592949676411316618,3666 855528 58325,24,fail,18-01-2021,15:30
4B10423A-ACE7-AE24-9C5B-085608404D24,TR153638758623455477658721,645333 3824446790,87,success,28-07-2019,09:04
182CCE1D-B727-34A8-9050-96C9B83D1082,PT12486586200763352274876,4485 622 26 5547,130,success,17-12-2018,11:53
55742CC3-225A-CF17-31C9-E6C802AE64D9,DK6581598340246795,6.70678E+15,723,success,06-04-2020,22:14
571CD2F8-CAAC-BCE5-63BB-E6CB7EC07199,MU7034334325685762163708781227,633 45253 53533 592,456,success,12-06-2018,17:39
06443389-E2B6-3453-B792-21EBB241D66A,LU743181251483585741,6.76768E+15,362,fail,10-06-2020,10:48
77E97C09-B29D-44E5-2D3C-C8E27D3BA367,IL051373241184433344767,676776 2282132263,118,fail,23-04-2019,10:43
ACC8502B-FE4D-1521-51A7-697585B4D966,BG67XHVC84646351412564,6.70637E+18,792,fail,20-04-2021,17:51
96853EC1-A34C-3BE9-AC98-37359AAE1338,LU526620657566914667,6.45453E+15,792,success,18-10-2020,08:29
7573C228-B5BE-508E-0BB4-DC94FC0BCB82,SM4386586511828053136646409,3.05947E+14,668,success,14-01-2020,12:31
5CAD7942-2757-2544-56ED-F2FE71ADB5E3,KW1475666356603822498558146591,648275 363875 6966,980,success,26-07-2018,04:55
D23A462E-4A16-535A-39ED-49E793406EA1,LU352048642184252782,2.01428E+14,990,success,31-08-2018,17:22
8B7AF2F8-42BD-112D-270D-AB9A9B19E929,TR247256407430533857495463,4.91729E+15,238,success,27-03-2019,21:46
CE38412A-6977-2C33-74A6-78199E804223,PS183749825756234289425471952,676732 666175 2958,767,fail,27-12-2020,07:18
6CB2566D-35DA-AE3D-14D9-0202C676DF96,AT856669290880439928,3637 816865 34289,820,success,14-10-2019,16:16
741582B2-86D0-9A7F-2B6E-95ABC1B286CC,SM2520262354535335676327185,3.68356E+14,630,fail,31-08-2019,10:52
141C97D4-D55D-1912-F1C3-9F36E5DDE6F1,IT202QJGUI23484052960727748,549562 476798 5624,817,fail,29-09-2019,03:47
903657CC-1623-AD4F-F90C-3C9480552A9B,MD5866427454572044486555,3014 823822 35843,822,success,10-11-2020,21:44
40B70DB6-54DF-A214-4C53-9E2D2552A324,KW4567331921328364148495718216,455638 553238 6557,369,fail,02-04-2021,10:32
72B4921E-4B73-B515-ECAD-38D97E378352,GR1075674243324923427888676,633 34481 41593 730,159,fail,24-09-2020,09:45
282839E1-362E-D615-DBAC-D0FA8BBA05DF,TR059096222571716868228443,531 46615 46321 423,62,success,24-09-2020,08:14
665DD9E7-D66B-9645-BC44-6BF18DD82D12,PL59960310851880534225935023,417 50026 12444 195,832,success,01-06-2019,10:46
162CB236-3904-8873-2E1D-1E2F45D69C3C,BG26JFJQ97248852594861,3047 727987 32830,546,fail,14-07-2018,03:02
0148162D-8F1A-DD09-A663-5F23A64C784E,LI5439578955655164025,6.70679E+18,728,fail,17-11-2018,21:01
B8EBECB3-9A42-8A18-9125-18F95D3797BA,ES8876356804532352751470,6.76749E+18,754,success,12-09-2018,16:57
8987735B-844C-131E-42C9-5E5AA68DD717,SE5810340348114165301834,2014 244212 76776,826,fail,15-03-2019,23:21
26DC98FF-480A-2DAA-6B8C-4BA1D13EB494,GI11YBCM882485660510738,491 68578 27333 135,168,fail,28-02-2021,04:34
1EE566B8-E55C-A1C1-91DC-CCE54CF72E79,DK8767948806035601,2.14961E+14,239,fail,07-06-2018,06:15
9D40DB73-ECBB-85D1-B646-6D423C26ED25,SK2526025084383261555810,676262 828335 3775,722,fail,27-01-2020,02:26
AA286221-D81D-C96A-2DE9-B138D6D63161,AZ11101127348965671648168576,4485 327 23 9359,161,fail,29-12-2018,19:46
BE91CAB9-23A5-F3B9-5BD9-D3A524DB4B1C,FO2586678834685985,5231 8717 8496 2461,295,success,20-02-2020,02:33
BDD36EE5-A5A0-7C85-A6B9-5A774230DC1E,MC3870664687231874120156280,4643 364 34 6558,102,success,10-03-2019,23:41
78917216-A8C8-AF08-A377-CCCDCBB52ED2,AL88413706131259712137662856,6334 2762 6741 4574,840,fail,24-08-2019,13:55
B7A7A4EC-A704-98B3-2AF8-A917BB3983EF,AT325547514483381357,492947 2785752360,547,fail,18-04-2020,02:41
9415A933-7609-41BA-779B-7C486C327CF1,BA230518904768364752,3.04156E+14,340,fail,20-08-2020,12:08
E99DE0CE-AEAB-6865-39A2-E8A6C04D7217,MR4916811123633444562458362,6.33417E+15,552,fail,04-05-2021,20:08
5B9B13DA-D50B-D0BE-668A-9145A2B842C9,NO2599502435175,6495 5378 6727 5268,28,fail,31-07-2020,07:47
297C3A0B-FA20-7647-A86A-F22611C56131,BA973458340594671265,651758 4354146481,486,fail,06-01-2021,22:21
C32E96D7-DDCC-8681-5E65-C0A9F90C41A8,KZ767330512824362685,448 54656 37748 574,161,fail,03-02-2020,10:54
CD010316-B430-7B39-EDB3-28566EF6625D,AL19532206725217003178714478,402400 7194432131,450,success,20-11-2018,08:42
C5E47332-2A94-3114-92AA-1D70BF7BD6AD,DO37557341470757867805911344,4903 7887 2252 3469,869,fail,20-06-2020,02:28
815A190C-D16E-B794-8798-4101C29B9832,IL363547060837197546216,6491 3433 8579 4342,805,success,12-11-2019,07:35
D0D1813C-57A2-A59A-C784-B7F411C7C0C8,NL87ENUX8815360222,467557 826573 6859,333,success,16-01-2020,07:39
98CB2BA2-22AA-D3D1-F385-C6944AB8DBC7,EE096614641887873241,648812 7421568165,889,success,30-01-2019,22:49
128A3BA8-9B8D-9632-28AA-822C6F45D436,IE55HFUO12031162446698,5.89318E+18,312,fail,20-03-2021,15:45
CF9A6AD6-6303-82CC-49CA-094737EE5BEC,AT418533163373421884,670654 7874325928,175,fail,08-10-2018,17:38
99D955A8-97BD-34C7-65E4-4DE73B5F465C,DO47354953943961172897459398,5.64479E+18,248,fail,14-05-2021,10:08
F5468A94-D19E-361B-DB16-B493A21D8BF8,PT39295148567111574518637,676799 6828552747,598,success,09-03-2019,20:44
E6D6A322-C33A-556B-E812-858E20364B4D,DO73247847116861110704363014,676744 76 5746 3773 525,264,success,29-02-2020,15:39
57D36422-5157-AE55-89E3-7119F1114D89,ME46361158463036624863,501875 289825 5571,274,fail,26-07-2018,13:05
219AC891-F4AE-F59C-BA70-07D082E5CC9B,AL83578599535840743352386574,3627 433527 89531,690,success,10-06-2018,16:05
184A2BBC-CFA4-E0CB-4D7D-CD3638AD330D,KW0582596789451743883883530478,453 92595 24214 766,21,success,19-03-2021,06:26
286A2C4E-D4BC-29BE-2850-9318F7EB9916,VG0425673536059405873961,2014 127277 62771,938,fail,09-03-2019,01:46
FC0893B1-1ECE-52C1-27FB-42754D80B66B,TN1850858870685822335749,646 36456 23259 423,743,success,30-03-2021,06:42
AAD68D13-3399-D11D-B121-815C5CACCA0B,CY67645392912567183667532222,3685 916535 27637,487,success,05-09-2019,10:56
C009A75C-D4B7-C890-075D-CB7AAB0A0B6D,IT416MKSQI11171104388586318,3672 775924 26542,937,fail,31-08-2019,16:50
1499BEC4-664D-4DED-DD7A-135A70506237,MT64UQZD38406537212318188304375,6.76737E+18,627,success,08-11-2019,22:27
BCBD6D55-B8E6-13C5-D486-513C3CB66609,SE4438172646282706757517,4.91326E+15,61,fail,26-09-2020,11:48
A922C842-13A5-A58D-94C3-67FC274E554F,TN4125443387623727978504,6304 5561 7393 2256,558,fail,29-02-2020,11:59
FD5B7606-56AD-EEE8-E665-3E9ADCDCB958,CZ8939523496682124889732,6476 6163 3587 7377,964,fail,24-09-2020,15:06
B7A32CDD-BD96-DC1A-ACB8-3405DC5445EB,LI3342122622890269742,564182 2536753553,85,fail,09-12-2020,15:15
C7DB81B6-65AC-6196-94A5-BD36A0A27396,AT573274572788555063,5893 766 93 7690,938,fail,20-09-2018,19:57
A9BB1B31-B41D-DF1A-62AA-1FC12328D984,MT15YSXN47578249928235492557691,6.7598E+11,905,fail,28-09-2018,21:30
EEBBA2D4-48B2-1DD0-A628-5B23EAD201DB,PS814969825705882432796089589,3027 425927 33856,392,fail,25-06-2019,21:26
1820262F-ABAA-45E2-1233-863D7A2BF89B,RO52JDIF3318054865584841,3.47513E+14,508,fail,03-01-2021,19:27
CE766ADE-E9F6-62EB-D284-68121810D9D2,GE31136926514562366457,490564 38 6444 3837 267,267,success,20-05-2021,11:30
DDC61AD6-89B5-E89E-70CA-49B1D58BD4C7,ES3317163116257498885938,6706 3126 7613 7355,455,success,22-02-2021,10:38
8C0491C9-5DB4-94C3-0398-3FCEA91C5AD3,KW1287429183939351406968326377,5.3679E+15,889,success,30-12-2018,12:35
B66AE532-3472-02FD-7A1A-5768B458ED54,CH7647661132844944572,6.75985E+15,953,fail,29-12-2020,19:19
F672B977-3BE0-3943-8487-5966E4A74575,KW5145023726518781197472131161,402641 582274 5287,381,success,26-08-2018,23:43
6E26CCBE-4BA6-831A-21B0-153D86148C62,CR5521046164187954666,5634 631528 1353,287,success,28-06-2019,21:28
45264C83-D5ED-C19B-2E48-7DE3BBEBC149,GT45390927648353984836020873,6334 6243 7179 1264,350,fail,09-02-2020,01:49
E858229E-4186-7B7E-03B2-DFC473588924,LI0917632645452111440,402 66374 33425 963,920,success,23-01-2021,01:25
DC9C7E2C-CD1D-E5A6-B170-B7B6BBB75494,CH5291713618717431174,564182 381243 5790,290,fail,29-10-2018,06:47
175278DA-F8D5-379C-E324-A259E52EE263,MR6044591251144587234560983,3633 818353 94352,66,fail,24-02-2019,06:58
9C828233-C677-3C74-7482-1A989BDF14C4,PT40748836771276226683331,2149 332422 11270,939,fail,30-10-2019,11:33
2FB55B1D-AD36-C332-01A3-7DBC0254839C,DE02963528155826519643,6.77187E+17,928,fail,02-01-2020,00:12
4AC91DCF-442A-33CF-6CA6-23191EC731E1,EE021242652791582749,471636 733856 5664,90,fail,21-08-2018,11:57
B71EC42C-5143-12D0-BAA6-2FE82E837803,MK28514863646672196,4539 9196 2257 7857,154,success,21-05-2019,20:36
AC115A2D-911C-167D-8EC5-94AF6F0DA23F,SI14587470712522277,6.70974E+18,685,fail,15-11-2020,20:14
3E3F9C7D-DA5D-717D-7148-8469C7218D36,CY09515326372614393164778443,6.3311E+17,473,success,05-07-2018,07:51
A6DC4912-0EBB-48C1-A5AA-724BB06E8F7A,HU46657391363781437672958667,491 31483 54531 173,679,success,04-04-2021,17:13
ACB4BB72-288C-F2E3-E611-00DF114DA1C4,FI0702527407221623,648728 8792736376,61,success,04-03-2021,14:22
E0620A53-31EE-587D-4338-9B7B18E49D32,DK1551697033495454,6.77155E+18,866,success,11-04-2021,09:50
EC3D580D-DD8F-BEEC-7EA0-610DD1F43379,MD5437941573567775710803,6.33472E+15,946,success,28-12-2020,10:27
DB3DEE4B-23E7-9E84-E623-DA837587A50B,BG03GAXF53950580385875,4.90542E+15,86,success,10-06-2020,18:04
C32F9845-8B64-736C-462E-3541A8B14F48,PK7681513737992125815914,6.33484E+18,437,fail,12-12-2020,08:48
DD7C3585-94DB-33BC-4477-42EA98B3E7FC,FR9242544381353355309667133,2014 288224 68346,78,fail,21-12-2018,04:50
53B2F78B-8C32-6DDF-97A1-6481EA8762C8,GI69FSCM396794372137445,2149 226654 72592,38,success,11-08-2019,23:57
681C5828-9666-12B1-6753-EC25AC5EC51A,LI7553127284853745653,493647 8938462352,502,fail,18-05-2019,03:40
3A179A4A-608F-46E9-C8DD-DA30ECB54BB1,ME03177238270414838218,2014 621325 47663,544,success,25-07-2020,03:18
DCCD847F-786A-E814-776A-2E79A54D7B2D,MU3655550831379743086412687464,6.77144E+18,345,fail,24-12-2018,05:26
E81C1046-420E-5896-87ED-ABEF3AA553EB,GI34IQEU952149817194034,490576 7487582488,828,success,23-12-2019,01:27
A232C816-B355-EE1B-54E9-9D68B4B41797,NO3297897945924,3.00465E+14,213,fail,24-01-2020,02:17
7313B276-E916-0363-38A4-FBA5B214B568,DO54173238787529524134062081,484 45385 24587 143,931,fail,16-08-2020,10:18
87896244-D189-9D32-DA62-FEC3D9826799,RS55416046360525119531,4.91354E+15,917,success,23-09-2018,02:36
1EB2F3B9-4C8E-5AB5-6BC5-51B4C25AA95A,HU18169516919031358583134090,633 34648 45444 252,873,fail,14-08-2019,17:30
A3CE5517-5E8C-E57A-8ACA-D7C5E35A9757,AL97018172970586921796457652,4929 5656 2784 7833,328,success,10-01-2019,10:21
074D57CB-F2F5-BDD0-7D20-DC83CE125B5B,CZ7415528705439293867314,4.90367E+18,478,fail,11-07-2018,18:29
066BC425-C4AE-B7C1-633C-794932637524,PL70482541408866110860367566,402400 714439 2856,942,success,26-09-2019,08:58
67DE78F7-0885-D54C-ABC2-97DA93A63B93,LV59IYHO4858556132625,677 15878 98666 154,655,success,30-04-2019,10:32
DE2C759B-9A9B-F164-B173-354C29288E1C,CY41933352613640577262146144,633487 1213327340,625,fail,31-05-2020,20:22
734099F8-DCAA-7DBB-3356-04397E84C7EC,VG6590350867126832843787,538348 7639416821,281,fail,02-08-2020,16:42
75CDC09A-2E86-F529-21BD-8FD08BD5E531,TN3926167675503315785938,649744 1141794962,655,success,28-10-2018,02:57
4AE3B338-FD44-1C3B-D35A-88AB622D8C19,PT88838092144737213428017,402 40071 83494 217,715,success,22-11-2018,21:15
92647539-BD96-5D3D-B40B-63CAF7F77B0E,AD6824914850757313733803,522322 9945514798,585,success,15-09-2019,11:46
3D9144F2-DE32-2BBD-9A2A-9CA3E66E40AA,BA863283225676417681,3622 586872 88869,897,success,28-02-2021,09:45
CF826578-1527-1D2E-CB32-B1E95E995E82,SA0382258395852490643569,3471 373726 25579,938,success,14-01-2021,11:13
534463B0-4A59-9BD6-A7C1-4B9C9B36FCD6,AT138244684707316113,551 67126 97342 340,436,success,12-01-2019,12:09
617202C2-6366-9233-D3E5-463BAF4C5922,CH0771156111054684538,6.01144E+15,195,success,18-02-2020,13:10
E3CD51D7-D127-AD81-63D5-26A4E55FE577,LB31884366123754796643274697,6.76795E+15,778,success,24-12-2019,10:09
159AE4EA-595A-4CD3-B337-DD68A28A62BA,HR8924516663180828830,402 66556 86887 440,199,success,23-01-2019,07:20
63B48465-9CCA-2CB6-6950-5E5EBE5967A4,GI87PTQI251120625422932,3.48382E+14,267,fail,29-10-2018,04:12
CCC78CCC-03C2-A3A0-3B0F-089AE7E6C279,GL6827325064162330,3.05629E+14,685,fail,15-01-2020,07:28
AC58FEAB-E9AA-1CB5-6407-5449764E72EA,HR5812477877653564578,652 91278 93254 477,824,success,02-04-2019,22:42
BAC93714-DBC5-72A5-06DD-616E74573FA4,LV41VCPW8822298058527,491652 3487558318,88,fail,24-06-2019,04:46
25B36B61-29C9-C567-5870-A5AE968CA962,FR8816433555177639573858245,6334 1922 3832 4653,414,fail,30-06-2020,21:58
C8B88C91-A6A7-DA99-BE94-AA796E01D1B4,DK9051248644043375,3633 271843 22353,115,fail,06-02-2020,08:44
C936D81B-1138-BDFF-6F1C-8FA185E58FA1,EE534055377357676813,4917 6662 6854 2958,253,success,21-07-2019,19:42
C8FDBFC3-69DB-86C1-684F-229DC8614262,LB29223695185049467440310636,473956 2145525637,345,success,04-04-2020,03:40
E459776D-7CEB-2B48-2F99-B2989D4995CE,KW3952294856866803208054159850,3454 373426 38443,845,success,21-09-2020,12:50
217AB759-CE8E-DDD2-A8E8-5252A44FC101,NL05OUJP6116604272,3.48272E+14,882,success,20-10-2018,08:17
DCCC74C7-E24C-B656-08C9-C3AE481D55E5,SE7316140435157758955858,556 25543 53162 486,744,success,28-10-2019,14:39
B40F4263-439E-755D-A641-7943AE27916B,BE95185767312442,2.01434E+14,35,success,24-02-2020,21:28
1E9CCE0D-5503-4581-0592-584FFA97AB26,IS173768111721833449035506,630435 62 5772 6486 774,975,success,05-09-2018,04:13
DCBE8EE9-CF25-7E64-D923-D79A35DDE358,LI8074262285694333272,4.17501E+15,918,success,01-07-2019,15:32
CB377AD2-6792-CDD5-0E3B-D6DB64D02AF9,KZ133357447245127516,417500 1767675280,825,success,08-02-2021,09:02
82355667-B818-8748-6B19-8D9133AC0713,LB89538368037376758133759633,4.5323E+12,626,success,03-12-2018,11:43
B42B516D-4C93-E5E1-9DDD-A1E71E637F1C,ME14976418535831488974,527421 726813 9788,174,success,05-07-2020,16:37
7D341166-4E69-FEA5-CA82-81BC294C7B6F,TR349270718585180368448313,646824 2247145660,243,fail,16-06-2020,08:04
C27B352A-1A28-798D-B183-DCD16956A73B,AT613415536468665378,3682 742822 39235,259,success,07-03-2021,12:28
567B6A15-BADC-38CD-87B6-1C6584937D6A,IT035UJQOI40895248315751952,3.76712E+14,753,fail,28-09-2020,21:33
EBC48CE6-2C55-DB16-A0E1-258C95EB475B,IE98SCDR60219866058516,676775 224186 3249,495,success,19-04-2019,06:52
5AB70515-412E-4499-13DC-32D2A57D352A,GI96HBDQ527421505034515,670622 24 3777 8222 784,275,success,20-08-2020,13:08
E3455E1A-0DD4-83EE-A2C4-497D71756B43,IT027BVQKI51559395018922353,3029 295243 15593,440,success,30-11-2020,23:05
E2C749DA-9CD9-5B70-239D-31E690827937,GB58WWAY45741510467858,3.65525E+14,218,success,06-10-2018,01:18
911998CB-2D88-27F2-9084-44E7AD8E83EB,NL25JYRQ1826321788,6454 4633 6596 2381,514,success,15-10-2019,04:37
2265242D-EBA6-6AFB-6A26-C93BED9C2490,AD6357686989817733175552,649 56143 62752 545,500,fail,23-11-2019,13:22
DB78C2C5-623E-0C28-8136-9C3EE15CA0F8,KZ738727216657878792,491394 441788 3654,973,success,16-01-2021,07:42
8B76AD61-79B9-EA7B-5EE6-24995219BD65,BG17HFTF02915548955855,3.66776E+14,884,fail,09-11-2018,16:24
95AA2592-41E8-CE5B-E84D-CDDB5516D148,RS57358886788161933734,492923 6162179541,206,success,05-02-2019,04:04
6ACE5E8E-E391-86BF-5116-189AC521D793,PT37556892424725641772349,3452 554123 57482,201,fail,22-08-2019,00:20
B84265DF-5DB4-651B-D16D-88B77CC1462E,IL866072617528115275329,538317 243866 1567,618,success,16-06-2020,12:02
72452ACC-CCD0-25AC-971F-65ACA194E36D,SA4417172282018427081458,4.48546E+15,254,success,31-08-2020,10:04
09BF7C89-DBC2-49BB-0309-3BA25DD4064D,DK2352751117629672,2149 956734 48689,973,fail,29-04-2020,22:26
6946D33F-77F2-9257-7D06-BE6485ABD3CC,IS987362995231171567537486,6.45218E+15,321,fail,27-03-2020,08:22
BA45A23C-3351-5CED-8218-C8443D446C23,MK65652632684776412,453382 281624 4977,154,success,25-12-2018,19:08
73AC685F-A67E-A312-B324-462D65C717D9,BE18717352412481,3653 786433 21757,676,success,20-12-2020,16:29
B5210345-1CAC-FF8D-AB59-93E9FC8734C4,FO1747733531912155,492965 3574746529,424,success,15-10-2019,07:30
BDC3DA6E-1E82-348C-57A9-57DAE4DFB477,SA6635014856154597111803,6.33437E+15,802,success,31-05-2021,11:52
AE1BEA23-C791-2B3D-BECF-662DE8A9D950,MC6587050865088757562144594,670 97417 83431 284,399,success,24-03-2020,10:07
3AE63ED4-3DD8-EAAB-1E89-4E2ECD38E183,SK0218415549487185551609,484 48386 33961 647,682,fail,30-08-2019,08:50
240CDC89-643B-4F6D-5E2C-BB7C3D4EA259,AD6366226578067813644219,633 43438 72783 486,152,success,03-11-2018,20:26
6AFE21E8-D1A9-453A-5CC1-65D844187109,GL9620364781180873,4485 7168 5962 3162,302,fail,05-03-2020,14:30
32B939CA-AE12-5FF3-B1D8-18C7E3992F45,GE31389007165829524019,3.63637E+14,553,success,22-11-2020,02:23
F3ABCA8D-CADA-8422-B7DB-2E6DBAA28D29,AL22848512594649544141266852,5.03865E+17,665,success,02-11-2019,06:25
DDA18E30-B29C-93C9-9F22-142CC4B9047C,CZ5123353147741737749585,4.71628E+12,618,fail,08-06-2018,18:58
B2562D36-E233-AC1D-D981-272C0E2903CB,MK22227438327631535,3486 824245 23149,993,fail,31-08-2019,07:18
C9723E2C-485B-86AF-05E4-EB54C4D17BDB,CH1840396522884321131,5.64182E+15,197,success,29-07-2020,01:17
E0BB4D58-9F30-5AD9-3241-D713D41AB6D8,SE9725184679527321054345,6.76177E+15,163,fail,23-05-2019,01:33
A702E330-4423-327C-B1B5-B1179CEBF609,PT53167178926385433290501,3026 779942 58377,552,fail,09-04-2019,11:37
F132AB33-8DD6-9CA9-2D79-AB6E8C7AA53B,CZ9065642521222875229362,4.90583E+18,196,fail,21-07-2020,01:48
92AC4186-8ED0-DE5A-356D-1A364446D93E,KW9044627333556958471380197922,5.64182E+18,939,fail,28-08-2019,11:59
41B56CC7-3C24-CB8B-B115-0A226A633D11,AT712795710128316118,5.47725E+15,732,success,25-02-2021,02:58
6EBA2AD8-8588-1EA6-E7AA-596B4C25BA5C,LT561778169616711338,453 28665 82356 433,817,fail,27-10-2020,13:45
BD295AF8-7837-169A-831C-7CAA7E5A9997,NO2054625359754,6.77116E+16,936,fail,27-08-2018,12:56
368816EC-6D62-2AB3-06EC-D6BFBD7AA651,FR4734304409762766625084156,3037 182176 83162,411,fail,27-04-2019,12:52
FC87860D-8771-8C6C-0BD4-E5DEE4824BB0,CR7498459864053297181,450843 829915 8468,726,fail,25-04-2021,04:51
FA936E77-22CA-6B5B-E7CA-52D3ADE6406D,FI2359663557373547,3663 232581 27882,68,fail,25-04-2019,05:28
AC4CE514-FA35-6D06-756D-475CA1A4116C,LT541865871671169317,542488 7885782431,446,fail,01-10-2018,13:47
9EFE8644-9BA7-B2A9-585A-5BC7824C2FE4,KW7154086434749368846444326534,676728 66 2776 3845 830,816,fail,20-03-2021,10:21
A398A762-4426-96EF-6CED-551C64478C89,CH0822538196376436336,3.03275E+14,324,fail,23-11-2018,18:32
3D471A37-54DB-1C59-A771-3B2F7EA95E72,NO4678317292678,544746 674811 4786,970,fail,29-01-2020,13:21
D2822DA4-244E-AB83-8AB3-685D188BDAAC,VG8245173382553468622617,3.43646E+14,790,success,16-01-2019,10:41
8B156949-6162-91B9-EB99-D9BC0CA0CEC7,LU657222729355843544,524622 471893 7469,679,success,27-03-2021,17:48
992C3AD8-2A79-490F-BA6C-3144282C1C11,CH2820101546516497526,4.91638E+12,810,success,21-10-2019,09:06
7B936829-3E35-5D9A-8143-1828E15B401C,IL881405370904103884644,2.14927E+14,76,fail,09-10-2020,04:44
368198BC-4AB0-5986-442C-2A8B470E3464,BG11YECM83592392668072,633 46235 31372 858,553,fail,11-08-2018,04:12
B448296A-1296-541D-3E3F-C11A24112363,MC6653778666548139433725184,559886 7374657435,119,success,27-08-2019,23:49
7D0C6E4A-9283-5E3B-2EE7-A6CA74E6C233,BG53MPFP17653255898385,675993 7376624322,927,fail,19-09-2019,11:06
F79BBB19-147C-5976-21E1-456EC74195DC,SK9736811975403867727777,6.30423E+17,806,success,11-08-2018,01:23
5AFD719E-65B9-B27C-7C35-0413E9EFD4A4,NO1471271911072,633451 436629 2446,787,fail,02-11-2018,14:21
ECAA27C2-258E-9C59-5DAE-9BB96CDC6E1D,FO7207661512244498,491665 4866396549,446,fail,18-09-2018,13:58
FDD06ABA-50BC-C307-44B4-892222CC2C7B,LB86352633804523461445564262,6.30463E+17,120,fail,30-09-2018,23:52
6E75A3AA-1D2A-87D0-C4E5-EAE79F5128BD,MC6894875043164238175883308,3.77118E+14,235,success,19-08-2020,07:08
CF252ABC-2452-77C0-CCCB-E82B8219CA7C,AD4307546670547684313607,6.70633E+18,566,success,05-02-2021,13:57
39934331-6430-6474-7D82-592E256BDB17,NL48LKQF5166113673,518115 263645 4993,119,fail,10-07-2018,09:27
C8C08117-EDA0-DCE7-DDDE-573287141D1C,DE45515713650136172485,3653 324338 69731,679,fail,02-09-2018,20:21
4458CDA9-CA48-51DC-6AED-61C93C915444,AE416928298857671902322,677165 833834 3264,393,success,10-01-2021,21:24
989B1F56-B335-9226-A2E0-6C4CC33D7A12,AT713361865986766304,2.01426E+14,411,fail,26-03-2020,16:47
D8B9B581-5362-1E61-F447-B42113C2F993,PK5851261268048632226182,474569 249988 7572,960,success,08-12-2020,04:49
3B358675-269A-8112-38C8-5E087B515F99,IS205478084898646764511158,644776 776577 7854,96,success,19-05-2020,18:23
2AE1619F-E5BE-BA19-C583-12AB29E51444,MR5247773745303426517253439,576 78843 41569 176,231,fail,11-01-2019,05:23
1E4B2160-52A6-5BEE-99E5-999E7943A46C,CZ7379823883409956862059,633456 5313671264,200,fail,19-01-2021,16:14
DD61C15C-7BC8-8375-A288-DE3875D2553A,MT87PQCU79792809666878270268839,6.33444E+15,181,fail,23-04-2020,05:43
3831A90B-E319-BBBE-20ED-62515CA5CAD6,HU72325333475691542422170461,633438 9884766365,873,success,20-07-2018,16:59
9AA8C8B1-D2A1-3B63-169E-1016335569C1,IE22HEUX38803968651055,3731 357263 49752,885,success,10-12-2018,02:13
3993EE62-5A61-3601-9646-FA89F96C7D2A,BE06286661732221,4929 838 52 7786,650,success,13-11-2020,01:44
A692C369-6471-E252-A8C6-88A3D564CB5E,HU83774375274334743285486710,676797 549752 4351,155,success,14-05-2019,06:39
86C32EC5-56B5-CC78-81A7-C26D4DEAB02A,PK5946854926283432452330,6.70695E+18,303,success,21-11-2018,02:12
916C134C-9D42-5F7B-9DF9-575DF81263E0,LV33WQWA2132255904745,3.03466E+14,341,fail,13-01-2021,00:15
1A4B2D99-9112-CE49-1A37-F161A417E18C,MC4859874501974872448332427,676783 42 1333 8545 689,501,fail,22-08-2018,17:20
DC97ACBD-6A93-EC71-C4C9-7EDD051FBD8B,PL59814731383794973335133069,676746 37 6752 4376 355,765,fail,22-11-2020,23:35
09C20AC4-A43D-7784-1B4E-F49D6BC4D94B,FO2027229101175935,3618 524985 53254,82,fail,10-04-2020,03:03
14479E99-B56A-E446-5769-6D8516AB325A,SE1104759276542456434233,2149 614473 56665,831,fail,04-01-2019,20:57
BE1C9093-A5A6-F4A8-7B53-600692708B9D,ES1783768615372339528151,4.90567E+17,933,success,17-04-2019,20:27
29A36B61-0C97-6AF8-E4E4-1C93395B8871,CZ6193833583785781171545,4844 6886 8628 5133,147,success,29-11-2019,01:54
94248049-C87C-A9C4-9C3A-419FC6177EDF,CR6342127634118738112,3.02555E+14,327,fail,26-12-2018,21:01
47153936-7EAB-416A-5C11-1563BF040E95,IL743065056352040136034,3058 124754 22484,65,success,22-03-2020,09:02
EC91A9F2-6ED8-501E-972F-759A8E48CC6A,MR2408365957773286087236192,2.01455E+14,493,success,28-08-2020,05:48
EA156E61-CD94-EC92-DAD1-EB61E2DBAB55,FR7373971031885787466815588,644351 758514 4312,883,success,26-01-2020,11:44
51948BB9-33B9-FA31-52B8-52DCDAF0EB6A,AT805134733321222404,5.18986E+15,650,success,25-09-2019,08:58
D8782373-1FE6-44BA-9B8A-A8F1E0C6F319,BH51415217731485850523,2.14948E+14,195,fail,17-01-2019,08:29
D10BE29F-B156-1614-D3B1-FEC908E4A3DC,LU968534059841133652,2149 554341 15365,313,fail,09-07-2020,09:37
D82D586A-0E51-0341-25D2-E6A5252C7054,CZ5136421215187338387942,6.30432E+12,975,success,01-08-2018,10:54
13E875DB-CA6B-AFAD-E5E3-9294E53591C8,RO70YWTO6811043687956306,522376 459445 8657,251,success,02-03-2019,19:36
BD6F36C6-6479-4397-7764-64DB8B4D0127,MD3911217307110211982093,491362 366867 1832,953,success,25-05-2021,08:57
D18A9C26-31B5-6ABC-0DAA-BC7762FDC416,ES8867531043039053705431,3627 679336 44642,630,fail,03-05-2020,09:07
88A37730-324D-E096-8D5E-89A9A46C503F,BG32EWAT25376308758484,3.648E+14,22,success,01-07-2018,18:27
D5671D6B-2484-5A7E-EDAB-E9F261ED22DA,LI3488248803150970282,676 72736 42612 788,507,fail,29-07-2019,03:29
BF531BBE-9E78-2C27-B761-6CE0CA785518,MU9547587369622192247776722017,5388 7563 8375 3752,140,success,18-10-2020,08:30
E56DCCBA-3C93-A428-34F7-3B9C634B2D65,BH05939571551435472124,646 43917 87477 613,939,success,19-07-2020,22:59
71381EE2-C319-0857-EB64-348F620751EC,SA3787129274248817110361,3.00921E+14,389,fail,03-01-2019,11:29
7CEE4272-8B4B-260B-4066-464CA561BD85,KZ584405605353066212,4.02655E+15,480,success,12-06-2020,06:20
564307E9-2969-5A81-646D-C254726F5AC2,NL59DDAD8225672265,630 45543 63484 527,164,success,01-12-2019,23:41
EFB5B126-9D5C-272A-C3E8-590EE57B2AD8,NO0248503794353,2014 663253 26462,91,fail,09-11-2020,01:28
B173853C-A123-14BC-03DC-6C364E8B29DB,ME82842400666143762651,2.14934E+14,350,success,14-03-2021,02:34
966A27B1-9A88-1969-E725-296081A59C16,AT892118274652124116,5.01851E+15,861,success,11-09-2020,21:47
93A71B7B-63AC-C492-E0D9-14178E3FE316,AT343845586855568874,6.76156E+16,976,fail,12-07-2020,10:45
180C2488-55C3-6E47-96C0-DFC48D2A751B,ES1336108135277325368942,5893 628628 7286,707,fail,03-12-2018,01:03
D4D1188E-EE3D-C65E-1CA8-C9984E7E59E2,CZ1175395558738847325385,2.01426E+14,100,fail,11-08-2020,15:21
D8914A20-83C4-0946-3A8A-2CDAA45747D1,AE155943582158426156256,4.48559E+12,118,fail,17-05-2020,22:15
4A8C12AD-378E-80CD-1D34-AA837BB24691,NL57QJKB9587648551,5789 743 67 8490,886,fail,03-03-2020,03:12
12B61A2E-3C83-E51A-CF29-CD0FA87C3462,LV39NFXP8888853844552,4716 8837 2522 5886,341,success,28-04-2021,18:53
B51DAD7E-A4EA-1A91-9C64-04B7C4945987,PL80514178197672484291846315,489493 613863 8683,268,success,25-09-2018,06:59
268664BB-CB49-8E3B-3E8D-95C852439C21,MD4328226186730784744544,6.30466E+16,343,success,10-07-2020,00:29
D1EA9FD9-B88B-A927-7D9E-DB8D920A10AA,MU2913354210697503347542468159,4024 007 18 6877,971,success,25-07-2020,00:28
84DABD5D-C25A-66E5-6B4C-18E283D452C8,LB46339712645535827536175169,4.48545E+15,209,success,08-02-2020,11:30
8121CCDF-E18A-B9D2-49C1-E9910CEAAFF2,PL64678740834163197778601874,3008 268443 18574,492,success,12-07-2019,22:31
82BC7589-BF88-A129-2C4C-8D9548A44912,PK6911282784162517283993,633 42522 55424 966,422,success,02-07-2018,02:57
35687F23-2546-3873-8B72-6DCBE41290D4,GL7809775887727220,4556 3753 3483 6511,678,success,22-03-2021,06:11
6C399495-89E3-9C66-3989-D91894D399CE,MR8199424883255285646721826,6.44249E+15,260,fail,06-03-2020,18:25
40E14CB4-D371-DE1B-08E0-560D2794592D,NL45CSQP7718983718,4.91764E+15,498,success,14-12-2020,02:19
1CF68B76-B322-AFEF-A337-6711B4841A36,AE634448458248339203033,2.14939E+14,454,fail,05-05-2020,10:45
17181081-3D35-7AC9-2A8B-4210E274A47B,KZ742596441119257605,3.02463E+14,227,success,22-04-2021,08:56
D1BC6CE5-EDA6-447A-86C5-E099E6EC2843,VG6270690654729256840483,3.63167E+14,411,fail,10-12-2020,16:34
A3382579-9D72-C2C9-CA1F-20537E375182,MD8931217627713515717811,6.30446E+17,236,success,18-11-2020,07:40
649EB324-DD1D-3711-78D6-8646124A8E44,TR427456318786315546615153,490573 368461 5760,460,fail,13-07-2018,20:29
2927A73E-7BDD-D797-2C19-44249AE01557,AE125440468621557858625,2014 362843 25128,377,fail,21-05-2020,04:10
8940E209-4453-EADA-E5B2-AB66A767ECD9,BE29375436851644,633110 6527395284,700,success,19-01-2019,06:17
23D8A36D-1440-0567-CB38-6F0E57EE9344,PS467043071811512249194703125,6.76197E+17,672,success,13-10-2020,07:26
9939A1F2-AAA3-5639-8929-56A7D06301F6,MK17819455163365412,4508 4596 6624 4392,869,success,30-08-2018,05:58
F5A08B5A-6C96-92A9-F364-A534C9267C30,LV90RXNR6010629857380,514417 152672 4881,390,fail,05-11-2018,15:34
4452DC85-A2C9-A457-6A78-72459EC7A263,BH37084328258424767463,3.6722E+14,444,fail,18-01-2020,05:40
5638D075-CA86-59BE-6441-A4BB6F493547,DK8084022579176765,633433 4112996871,262,fail,18-06-2020,08:31
68324CA1-A4A9-84A6-34BA-39DC7149553C,DE32531247642675677852,3042 293263 35263,231,fail,18-12-2019,23:15
714311A4-7F78-C557-8970-372495EF678F,PK0378612430735285722616,3.05486E+14,978,fail,16-02-2019,16:39
C2EA6B40-EDD7-2A32-41F5-C68627CCCE27,FI2668732193695872,6.33466E+18,482,success,05-07-2020,13:40
