id,userid,item,Amount,Date
B5443F47-D828-255A-9BAC-44F27CB31A27,XMC46BJB8RT,Paper Goods,133.23,2011-10-06 16:33:01Z
79D0720E-6E7C-1658-3CB6-78E4DFB69C2D,QYO02IHJ4CT,Alcoholic beverages,161.07,2014-05-04 11:31:33Z
98D5D7D9-8AF7-8FA0-9730-3A7FCF6D7B97,JLR04AMT4SR,Tomato sauce,232.47,2019-01-10 17:21:10Z
D7A0D9A4-9749-A8AA-B96F-83E536DCDA8E,ASJ80SPW6GW,Salmon,207.87,2013-07-21 04:09:27Z
07A31AC3-9347-1A15-55E1-62652A22BB62,JLR04AMT4SR,Nonalcoholic beverages,145.29,2013-01-05 18:49:10Z
CBD82A94-82A1-10A8-9CC4-CBA0FEB7A38B,MJK16RRR2OH,Bottled waters,196.15,2012-11-23 11:11:03Z
272E82D2-26FA-CD31-875A-F97942265C89,MCB21QLB4BY,Bread,217.63,2012-07-17 18:02:13Z
E66BFB5D-557D-7987-45D9-95AAA5DCDD66,RIS45QSH4NG,Cereals,195.25,2019-01-17 15:15:05Z
DB447881-48EA-C5B9-E5DB-25FB85538906,PDH21WYL3QN,Detergents,137.99,2012-10-02 17:41:19Z
BB3416A4-9664-BD3A-E53D-C7BD9153441F,ZQX26APL1AT,White rice,221.43,2017-09-22 14:00:41Z
7C9098E2-B8F6-156A-CFD5-312CD1C7FDDC,PDH21WYL3QN,Personal Care,155.92,2015-01-31 03:12:14Z
52F591C5-315D-F214-334A-3D67A6E6128C,MCB21QLB4BY,Meat,249.07,2021-01-08 14:07:12Z
421E2A5E-D108-439C-E541-BA22E26DF9EB,MCB21QLB4BY,Dairy,213.06,2015-08-02 00:25:31Z
41D3B703-6531-50B9-13AE-63280616A82A,ASJ80SPW6GW,Sweets,247.52,2017-08-23 03:09:35Z
50E1501D-FECF-4CCE-DB94-ADA53EAF7D5C,PDH21WYL3QN,Cosmetics,168,2017-05-31 19:13:11Z
9E95CF43-D1C5-99A6-AAE2-E83A1E724BE5,OLT25NPY3UK,Dishware,227.64,2012-02-20 10:00:36Z
D6844450-DCA6-5289-A22C-E1F1B430F697,RMO23FNM8ZE,Baby food,130.99,2015-06-13 10:16:20Z
9817D544-9E49-8925-A412-841FEB8E87A2,CFN06GBY7EB,Bottled waters,236.23,2011-12-25 22:46:37Z
CD693C49-5AAD-E7F2-832A-7288357AE11E,PKX71MDR7TX,Personal Care,116.68,2017-03-24 01:52:55Z
234BACE9-A6CD-73C4-C314-E9B34AD958C5,MJK16RRR2OH,Fruits,200.5,2013-10-24 18:09:40Z
4BF55615-E6B2-082B-E959-163D80F3C232,OLT25NPY3UK,Tomato sauce,110.53,2018-09-20 15:11:07Z
B806B86A-C88B-A6EE-27BD-A947C560BE58,MJK16RRR2OH,Ground turkey,116.29,2011-02-11 18:10:46Z
7727E36D-2E2A-A391-5D8D-3F62A2BDFFAB,XMC46BJB8RT,Flowers,169.01,2019-09-28 05:54:09Z
B40974E4-8F68-860E-298B-B76DAAAF1495,OLT25NPY3UK,Dairy,195.38,2019-05-01 21:56:00Z
46A5DC4D-9479-2852-CB8B-414B9E71B3CD,RMO23FNM8ZE,Chicken,149.06,2011-11-07 04:21:19Z
C1616C51-8B3D-5AAC-5444-67CE833D1432,ASJ80SPW6GW,Housewares,198.53,2016-03-06 16:46:46Z
7110C4AA-76D7-1D7B-2E23-D716557B181A,ZQX26APL1AT,Poultry,187.09,2020-01-20 00:53:14Z
E422E8EA-163A-C03E-CE92-7453CBA12369,UPQ74SZR4GJ,Baby food,125.85,2011-01-25 17:57:34Z
7AF4D897-6A57-0A15-6398-C96236A44963,JLR04AMT4SR,Fish,243.73,2019-06-28 02:19:09Z
5A666DDA-9BE3-52D0-3B6E-F47DA9262F7A,UPQ74SZR4GJ,Cheese,100.87,2016-12-09 15:02:47Z
1D5B4251-40B7-5EB4-49BE-7673E3964EB1,RIS45QSH4NG,Diet foods,146.39,2012-06-24 16:28:06Z
B7154AB7-78D5-2E11-E886-9A6B9E0CFC7B,QYO02IHJ4CT,Condiments,154.46,2016-06-21 22:35:23Z
B8A48AD4-6952-8315-8D6A-5D6FA6E2A69A,MCB21QLB4BY,House-cleaning products,242.86,2011-08-16 11:21:51Z
7958E9C0-47D9-E52A-8DD2-514015B15002,KLY23XPY8BA,Tea,186.21,2015-05-29 12:01:29Z
4B920DD5-DD03-3E85-214D-20155675D266,KLY23XPY8BA,Frozen foods,137.97,2019-03-09 07:45:03Z
3D7556BF-5E88-E27D-6C4A-D2222369A61A,CFN06GBY7EB,Personal Care,112.85,2016-04-23 22:00:02Z
462678BB-D460-68F6-056E-E1789BDD5237,PKX71MDR7TX,Snack foods,113.18,2017-09-06 21:27:34Z
172282A1-39B8-5D9A-CD25-49F5C968A131,ZQX26APL1AT,Bread,107.47,2013-06-26 08:44:51Z
417DE14C-5839-8637-2206-CD66FEC412DF,KLY23XPY8BA,Hygiene products,158.47,2014-11-22 15:43:10Z
40C2BE4C-5170-BD31-3B2E-1796CD2A25BD,ASJ80SPW6GW,Hygiene products,158.98,2020-07-17 15:08:16Z
86638F5A-E593-CA73-7488-3B168BD748FF,OLT25NPY3UK,Salmon,236.37,2017-11-23 10:43:37Z
35FE4435-58B4-9C86-73DB-C6A9E1010BB2,MJK16RRR2OH,Pasta,139.02,2015-10-26 01:23:29Z
E84E2493-DB76-8FE9-2F2D-A5CDC93CA4DC,ASJ80SPW6GW,Paper Goods,137.22,2015-02-17 19:26:50Z
89F735C9-9B90-6677-9730-4E459115B67A,UPQ74SZR4GJ,Diet foods,203.57,2015-12-20 19:16:17Z
DC95D7B6-5B98-29F3-2CE2-4297E2BE38D8,CFN06GBY7EB,Coffee,129.41,2013-04-23 07:35:31Z
1578EB59-DA12-93F8-28AD-D7EB75A56B63,KLY23XPY8BA,Seafood,243.65,2018-11-14 07:32:28Z
DE0A2B26-A93C-3BE9-CBD8-155BE710CB35,CFN06GBY7EB,Baby food,163.99,2015-10-15 14:26:22Z
A1A8B22D-121E-E757-DD7F-A9D9E4B46ECC,QYO02IHJ4CT,Decorations,218.56,2011-02-25 19:24:42Z
0C8403BA-9FA6-F5BC-A49D-DDD3248ED32A,MCB21QLB4BY,Tomato sauce,222.54,2010-10-12 22:24:54Z
E1E53288-31C2-731D-310C-BAA861EAE64C,RIS45QSH4NG,Housewares,158.6,2018-12-31 07:44:09Z
72E4B385-DB93-C7FB-2572-3683B8D75FB1,OLT25NPY3UK,Cosmetics,220.94,2019-09-27 21:51:58Z
7999C367-C9AF-AA29-FB5B-E18AC95FDA98,QYO02IHJ4CT,Snack foods,160.62,2016-01-26 20:51:47Z
E8DE3F38-3C2A-965B-7BDB-84EDA96538AB,MCB21QLB4BY,Paper Goods,135.82,2019-10-08 01:25:16Z
53667815-E5C1-34EE-9387-9A2E8E1D511A,MCB21QLB4BY,Pet foods,175.2,2012-05-14 12:30:02Z
9A2E8BF6-74A0-3223-9E28-AC6AED1A98D6,ZQX26APL1AT,Cereals,215.64,2022-06-11 17:30:00Z
EA81C515-A2C1-A832-9668-0BD558AC5935,CFN06GBY7EB,Decorations,190.51,2021-03-01 06:14:49Z
74B62E95-B57E-B64A-FB52-AC1D2A2A09CE,MCB21QLB4BY,Detergents,137.88,2011-10-26 01:03:27Z
9C6596B5-8699-6453-CAA1-E17B77328B18,CFN06GBY7EB,Personal Care,123.73,2018-08-22 05:34:46Z
463E0995-B010-C7E8-B397-8B167CBEDFBD,ZQX26APL1AT,Bakery products,100.86,2011-09-21 09:04:54Z
DD6BE73C-E981-18C7-6E5C-2BA25E134EE1,MJK16RRR2OH,Eggs,249.03,2011-05-08 16:24:39Z
CC9CBADD-3443-3B81-137C-6AF9A47261B1,MJK16RRR2OH,Diet foods,235.12,2015-07-26 10:07:14Z
4817BD9A-B3D2-1391-4ECE-E37CB7F34D9C,OLT25NPY3UK,Dairy,125.17,2015-01-08 21:28:54Z
DE50A111-E94D-D9EA-A3E4-5C2B2E396CD5,KLY23XPY8BA,Candies,153.27,2019-08-23 15:16:37Z
3AA37BA7-892F-762C-778B-94ACE0E4D42D,MJK16RRR2OH,Pasta,235.35,2017-10-19 04:36:45Z
DAAAA389-D6A9-C67A-5914-57D6F16D357A,JLR04AMT4SR,Salmon,215.87,2017-02-11 22:16:22Z
E91AD71C-C09D-59E8-45F3-734476436022,RIS45QSH4NG,Poultry,106.79,2011-08-27 10:04:01Z
3D315821-9A46-8083-F4E4-50644F6651E3,OLT25NPY3UK,Dishware,161.23,2019-06-08 10:19:27Z
5CA52769-0BC5-CA55-C61D-EE3C406CF1BD,KLY23XPY8BA,Salmon,124.31,2013-07-09 04:15:53Z
BF57F465-6E55-4BDC-57D1-EB5631274EC7,JLR04AMT4SR,House-cleaning products,108.79,2017-07-08 10:21:08Z
8C1B7E7C-CCD0-4B13-A742-64B703B29D4D,OLT25NPY3UK,Flour,202.94,2015-06-09 14:32:46Z
DDEA1765-1035-FD0E-C1BB-1E5762EE54AB,JLR04AMT4SR,Cosmetics,222.72,2020-08-15 00:09:35Z
422985BB-01F4-721B-D256-5A033C387B73,QYO02IHJ4CT,Sauces,233.92,2011-07-26 17:37:28Z
0BF095AC-E3B5-654B-B3A4-2B9C94DD7229,XMC46BJB8RT,Olive oil,177.71,2021-10-14 03:46:23Z
02EC1E93-6635-3D82-10E5-BEA4B2D662CF,KLY23XPY8BA,Personal hygiene,218.33,2011-06-20 14:47:56Z
A6CC8831-78EF-1C7E-BD1E-66886A26348E,JLR04AMT4SR,Personal Care,191.39,2016-06-14 22:23:16Z
7ADD65C2-C671-663A-0DBE-28B32E156BBB,PKX71MDR7TX,Cereals,193.41,2013-03-09 22:44:22Z
4F82B78D-181A-D24B-7E49-9AC6CE8747E3,JLR04AMT4SR,Fruits,222.42,2011-03-22 15:22:31Z
97E6B4C3-B7A9-6DAA-92F1-2E3432752869,CFN06GBY7EB,Condiments,129.91,2018-07-04 02:32:27Z
844B265E-734D-AD93-141C-35A4173B1AD6,ZQX26APL1AT,Paper Goods,205.04,2022-06-20 00:07:50Z
B633A7C9-A343-9E89-A342-15BEA185A2DD,UPQ74SZR4GJ,Brown rice,115.85,2012-03-03 20:12:48Z
ACEC7499-7FA7-39E8-7988-28C186C9BC89,PDH21WYL3QN,Seafood,138.93,2014-05-20 18:07:14Z
CF25B4C6-DEB2-8AB2-6F0F-1024A47C1036,ASJ80SPW6GW,Pet foods,148.86,2012-04-05 12:30:22Z
24822CDE-A365-B19F-354B-CCD4FE7C4A6D,CFN06GBY7EB,Bottled waters,143.68,2014-05-24 12:48:22Z
D735C01B-CC2C-8ED8-1E52-E9C8631BE6AA,PDH21WYL3QN,Flour,142.58,2019-11-20 00:45:28Z
A4B4BB72-3291-5120-270C-17388E740184,RIS45QSH4NG,Fish,135.74,2013-07-29 08:15:42Z
116C1C15-190E-B9A5-B3BC-3A43C2217432,MJK16RRR2OH,Housewares,131,2012-09-05 05:32:31Z
EEDC6943-6A3D-B0EE-A63E-6AB0BBCB4852,UPQ74SZR4GJ,White rice,145.64,2013-12-06 09:49:36Z
AECA571C-1BEC-7BA3-3C47-DE5119E8D1E3,CFN06GBY7EB,Brown rice,177.15,2015-01-29 14:41:15Z
0126C016-649C-52CA-6A10-B2E157258FFB,OLT25NPY3UK,Medicines,106.06,2012-12-21 17:35:31Z
7DCB893B-6275-4DD3-6AB0-7654FD6D89C8,UPQ74SZR4GJ,Fruits,248.88,2011-05-18 19:31:32Z
F2CB114B-8E34-B197-DC71-9B8066BE5BFE,UPQ74SZR4GJ,Candies,129.08,2018-07-09 09:18:46Z
1B28BB07-3AE1-18AC-5A6A-D77916E986AA,RMO23FNM8ZE,Medicines,112.87,2014-03-03 18:20:48Z
2F23B9DC-D8DC-5E59-D5B9-BECEE5C6CAB1,UPQ74SZR4GJ,Poultry,114.67,2020-07-14 03:43:07Z
D2B8294C-D82E-5CAE-27BD-4AE9878B7E9B,UPQ74SZR4GJ,Brown rice,176.47,2021-01-28 22:50:06Z
4E69EB44-73D9-5838-D954-94C52DCD85F9,PKX71MDR7TX,Snack foods,167.36,2012-02-11 15:11:29Z
E9C33FE2-DEC1-6F23-669C-12A72111AE22,MJK16RRR2OH,Nonalcoholic beverages,241.87,2016-02-23 17:25:57Z
35A5AEA1-B3B8-8F69-F584-428A8BFE3C3D,CFN06GBY7EB,Paper Goods,243.72,2014-03-23 13:24:36Z
78A169A6-E38B-2AC7-1C86-9C597A6E3E8E,QYO02IHJ4CT,Personal hygiene,204.87,2020-03-05 08:40:42Z
C9EE6C1B-53D2-6A53-5D2D-D4BFE8B93138,MJK16RRR2OH,Baby food,199.99,2014-04-12 21:44:50Z
E4D72AB9-A72C-3BC1-0EB7-8853AEC89DAC,OLT25NPY3UK,Baby-care,197.54,2010-08-07 12:54:50Z
B4527E51-5A01-3385-61A5-8C77E206E153,KLY23XPY8BA,White rice,152.34,2021-02-04 18:20:57Z
5DB82460-D337-86BE-198E-8C9D2248D4E9,RIS45QSH4NG,Bread,222.5,2015-08-23 20:13:50Z
E9441A43-5D52-27EB-D5B8-335155416D97,MJK16RRR2OH,House-cleaning products,144.12,2013-06-15 06:02:08Z
1A61C8DE-4C42-AD3E-43AA-14C337DDC378,ASJ80SPW6GW,Bottled waters,125.5,2019-10-17 09:56:19Z
E2F4EE37-81F9-CFBD-C482-A128BAD2EE10,QYO02IHJ4CT,Olive oil,243.38,2017-09-16 14:04:26Z
C486AE28-D7D6-23D9-9EAC-623763ECDBBE,XMC46BJB8RT,Cereals,209.14,2021-12-09 10:56:51Z
9337DFDC-937A-1D5E-FDCA-8FB8AC6EDC54,MCB21QLB4BY,Condiments,143.82,2014-11-12 19:02:20Z
443C530E-1C86-20C9-A72A-EC5C3D76B088,QYO02IHJ4CT,Brown rice,191.39,2018-02-27 10:07:15Z
778F65C8-665D-0119-0A35-ED17A63ADE27,RMO23FNM8ZE,Bakery products,111.23,2021-12-14 20:15:47Z
58113866-E68A-EBDA-C57A-240D4C26D3D9,PDH21WYL3QN,Frozen foods,156.73,2017-06-12 12:38:49Z
AD7B3D17-4C49-92B3-9041-A4748099597D,JLR04AMT4SR,Brown rice,236.35,2013-07-19 22:54:50Z
8411AAF4-BB7A-D526-7E6B-D6B35B51C4EA,XMC46BJB8RT,Tomato sauce,215.47,2016-12-28 08:31:52Z
A8CCCD02-31B5-34AA-C10B-45B741C1D6E6,KLY23XPY8BA,Toys,202.72,2011-05-07 09:07:07Z
C40EFC3B-C756-96B7-D99D-D9C9C2E448ED,CFN06GBY7EB,Eggs,172.08,2014-11-28 07:00:40Z
86042E26-F48A-F28F-972B-321FBEB9DEBD,ZQX26APL1AT,Bread,143.17,2011-10-10 03:22:42Z
ED9E15AC-DC5A-477D-1D7B-3B307D5738D3,PDH21WYL3QN,Detergents,113.3,2016-05-13 12:26:18Z
EB66F618-FEAF-A365-0A62-287A82D6A356,PKX71MDR7TX,Condiments,207.23,2021-05-15 18:32:45Z
76AE928C-3597-C62B-EE57-DA568BB5B786,RMO23FNM8ZE,Tea,208.65,2020-09-11 01:05:46Z
2FB37417-E2D5-8A9E-413F-DAC508C92F77,PKX71MDR7TX,Grooming products,171.03,2011-10-01 10:51:54Z
3D21592A-184E-2C99-8A8E-E951ACDD4C73,XMC46BJB8RT,Baby-care,210.75,2019-02-16 13:29:49Z
A8198B24-05D6-EC11-9632-C35465B43C2E,ASJ80SPW6GW,Grooming products,160.25,2022-01-29 19:05:21Z
858B8564-D28A-10A9-E6BC-FA66C6F63C8B,MCB21QLB4BY,Medicines,134.89,2010-08-24 17:19:48Z
AE7ABFAD-3CC6-D6C2-47EE-C58E6B677A2B,MJK16RRR2OH,Flowers,224.43,2012-06-08 13:37:45Z
3F8F84AB-5357-7FF7-3305-597A4667625B,RMO23FNM8ZE,Cosmetics,190.84,2022-03-24 07:25:43Z
057843E6-92D7-3D66-6B15-51F8E6C6B4D3,OLT25NPY3UK,Coffee,188.52,2014-01-13 12:02:24Z
C8A21C8C-478A-82B4-1F57-4505F954E5BF,MCB21QLB4BY,Dishware,221.89,2019-12-21 01:03:47Z
481C2816-7E10-9F5C-A9CC-4297A72936C9,KLY23XPY8BA,Fish,216.96,2012-02-12 11:38:50Z
AC914DB6-01ED-AE5B-393C-C405B57A3BAB,RIS45QSH4NG,Chicken,214.88,2014-02-27 06:13:57Z
2240C174-BC34-232C-CAB8-57C278DE8917,KLY23XPY8BA,Pasta,228.42,2015-03-19 21:43:04Z
9532E7E3-9D54-8619-E580-76AE29DF5E2B,RIS45QSH4NG,Ground turkey,110.84,2014-03-13 05:13:14Z
2E135160-765B-C390-C9E0-8B51959CEC77,RIS45QSH4NG,Flowers,104.15,2012-11-12 13:10:48Z
82F1E1E5-D825-9889-FBD4-CBACE674CD14,MCB21QLB4BY,Cereals,195.35,2020-07-08 08:46:44Z
331D1F7D-C5B2-B9FD-3A9D-207E6DFE3B8E,ASJ80SPW6GW,Hygiene products,164.32,2019-09-14 02:31:28Z
0A2FECBE-AAD3-B6C6-AA32-7A7DDEB0C0B4,MCB21QLB4BY,Coffee,103.65,2017-12-01 07:47:10Z
9399399C-C537-6C34-CE41-6956948B45BB,PDH21WYL3QN,Meat,172.58,2019-09-28 16:12:37Z
30B8E36E-4ABB-5CFD-E2ED-AB64BB28B0FD,MJK16RRR2OH,Bottled waters,196.18,2018-06-03 20:24:48Z
2AB5B9E0-1ECA-8E5E-9D3F-342F8288D4EA,ASJ80SPW6GW,Paper Goods,120.39,2019-10-30 11:15:03Z
67A509B4-C77E-3AA5-81B8-7A1CCECC4C1B,ASJ80SPW6GW,Canned Goods,146.73,2011-07-01 14:18:23Z
4CB3C8AD-6698-6AB4-661C-DD7E69D27F5D,RMO23FNM8ZE,Dishware,193.75,2020-12-30 19:47:53Z
32940389-CE37-5DEB-4C77-14C4A1389523,RIS45QSH4NG,Dry Goods,107.32,2010-11-08 00:33:31Z
5D63FE56-137A-A5CE-001F-DB15528553E6,XMC46BJB8RT,Vegetables,112.74,2021-09-14 04:52:12Z
5559BDFE-989A-F5B7-DF99-348C37C9667E,JLR04AMT4SR,Bread,205.94,2021-09-15 21:28:21Z
6D5B9656-B639-982F-ED60-6DCC9E6C4AEE,RIS45QSH4NG,Condiments,111.37,2011-02-10 12:10:24Z
ABAD7ADA-4E83-65A0-B2E9-9C5FA62E1658,PDH21WYL3QN,White rice,213.65,2014-07-11 08:23:29Z
8B4341D1-F2DC-9691-1A25-46E2B8329B45,CFN06GBY7EB,Frozen foods,216.61,2019-10-26 17:16:39Z
734ECC58-41B9-48E5-5A40-E9CB4A123E92,MJK16RRR2OH,Personal hygiene,119.94,2017-09-02 05:25:55Z
CA9B674C-6E28-C1EA-91CE-157EA1639E2B,JLR04AMT4SR,House-cleaning products,168.36,2016-07-09 20:33:33Z
42F75537-EB4D-1EAA-EF9D-BC97512772D9,CFN06GBY7EB,Coffee,226.07,2013-05-04 11:07:50Z
496CE8A4-ED12-C081-37ED-C9E843C1A968,QYO02IHJ4CT,Flour,128.67,2017-03-14 14:56:12Z
B148DBA7-CBDB-1121-3422-FB8AB5BFBEB3,MJK16RRR2OH,Baby-care,164.32,2021-07-09 10:26:13Z
DE9D33D4-5A4D-D921-CE3F-4AC74F3A2B95,PDH21WYL3QN,Detergents,214.45,2016-01-26 06:10:51Z
41BC5459-1A75-5477-232E-9DA7C1C32E19,XMC46BJB8RT,Alcoholic beverages,235.2,2016-06-10 02:25:14Z
B2D99845-8763-4710-A71A-AB7158606523,QYO02IHJ4CT,Meat,137.25,2020-02-10 17:54:02Z
7971A57D-F294-851F-18AA-9C85E808AB36,CFN06GBY7EB,Tomato sauce,115.15,2016-09-05 21:53:12Z
BBA7BE50-21A6-2021-39A3-65931C5D163B,OLT25NPY3UK,Candies,102.69,2018-05-14 09:03:45Z
EB602D99-9FE6-1DBA-24EA-C010C7ABD788,MCB21QLB4BY,Cereals,114.19,2016-05-18 06:26:14Z
73A13CA4-C7D1-563D-CCD7-16D2BCF6ECDF,PKX71MDR7TX,Brown rice,154.73,2012-08-09 08:44:40Z
7C802CC2-54B5-38AD-263F-FD8344ED07AC,PKX71MDR7TX,Fruits,159.41,2018-03-02 07:42:44Z
94897BB9-EE74-5D9F-5D19-2BE84FB8C847,ZQX26APL1AT,Personal Care,207.51,2019-05-13 20:11:11Z
E507E6D7-274D-B9C8-1DF5-592AA7AE5542,PKX71MDR7TX,Bottled waters,131.36,2015-05-03 06:09:01Z
271CD2BA-D395-CA1C-D722-3A7178AD0E34,ZQX26APL1AT,Bread,212.63,2015-01-19 16:05:43Z
35DB737D-B5A8-691B-E1DB-7A3DC9476565,ZQX26APL1AT,Personal Care,228.88,2019-05-21 12:40:43Z
58C99884-CCC6-4A25-831A-866E8127954A,QYO02IHJ4CT,Frozen foods,184.79,2016-05-12 19:32:10Z
6CC8B16B-1559-C52D-90CF-C4EA3C80679C,CFN06GBY7EB,Diet foods,104.14,2015-08-23 20:58:38Z
63782D03-06BA-5762-645A-E1D43E931DC2,ZQX26APL1AT,Flour,225.83,2016-04-28 06:32:55Z
8A5A521B-2D45-E55F-37D9-746D2401C8B0,CFN06GBY7EB,Fish,144.63,2010-08-24 03:09:22Z
954F911E-0446-8E7A-B74E-A8A8B43D717E,RMO23FNM8ZE,House-cleaning products,101.84,2018-01-10 20:33:05Z
B67421B8-A3AD-C6FF-357C-44EB79FC6279,JLR04AMT4SR,Fruits,205.88,2019-03-04 00:01:18Z
9593CC11-6E89-2D57-9893-19D82F7C2892,ASJ80SPW6GW,Ground turkey,188.31,2021-11-12 05:41:22Z
AC15D919-C699-103A-CE2D-1C6A3F73AE64,UPQ74SZR4GJ,Snack foods,137.45,2014-10-27 16:41:56Z
6B59D174-173C-1D7B-1833-24311A31BA93,PKX71MDR7TX,Seafood,208.7,2011-04-15 18:42:50Z
2D2AA1DF-0183-2277-AF93-9E5C21CC0A92,RIS45QSH4NG,Condiments,183.66,2019-01-09 02:31:54Z
468CFDEB-83D2-524F-D77B-67C82E329E2C,JLR04AMT4SR,Decorations,239.03,2013-02-04 07:52:09Z
04481A52-91A6-9E7D-8D5D-E8737C553B49,PKX71MDR7TX,Bottled waters,249.61,2011-10-31 03:34:40Z
76994B42-1E47-B8BE-0CB5-53ACAB503E8A,ASJ80SPW6GW,Sweets,103.57,2011-12-24 14:33:50Z
221FFA7A-CAC1-AD35-4EBD-72136DE2B7D2,RIS45QSH4NG,Fish,102.21,2021-09-15 15:38:06Z
5CE38D84-F428-792A-8813-696E69CACEB1,MCB21QLB4BY,Fish,190.6,2011-11-05 20:16:19Z
1B4B951E-5AEC-25A8-EA4A-39CD6FE1CE6B,RMO23FNM8ZE,Fish,123.24,2014-07-12 00:39:02Z
E9D59201-921C-6877-1F1D-9653EAFD8BCE,RMO23FNM8ZE,Seafood,226.08,2015-06-02 04:47:39Z
26D20742-B8CA-1DB8-7584-B20FADECB137,OLT25NPY3UK,Bakery products,208.08,2020-10-25 08:47:06Z
8769B0A8-8331-0C99-4E3B-2851ACABC855,OLT25NPY3UK,Hygiene products,248.88,2011-12-11 19:04:57Z
4A7B46B0-A138-926D-E3BF-6CB6B7833211,KLY23XPY8BA,Dishware,105.05,2010-06-12 02:19:40Z
4B5A8C9D-433B-DDCB-9F5C-DA038EF497C5,KLY23XPY8BA,Eggs,151.97,2019-05-28 18:33:58Z
89365287-F57A-B296-69D3-066EA3D3BA56,PKX71MDR7TX,Bakery products,166.81,2021-10-28 02:28:19Z
D2566EAA-5D16-ED78-CB7E-ABBD7390C957,ZQX26APL1AT,Cheese,137.63,2019-08-24 06:49:34Z
1E9212FB-16A7-3EDD-2E2B-74A0E8C1ECC8,RMO23FNM8ZE,Sweets,129.75,2015-05-13 00:08:11Z
5145B34C-41C3-D9AC-428A-09DA2768DB13,RMO23FNM8ZE,Bottled waters,105.04,2016-08-21 08:02:46Z
18478A13-DDFB-42FB-F172-FF5AB646319F,RMO23FNM8ZE,Detergents,238.05,2021-06-10 16:09:44Z
1D3C6993-DA95-7B55-1E9E-27A797165E56,CFN06GBY7EB,Baby food,124.64,2016-08-05 20:02:49Z
BBD08712-CF21-CBEC-559A-169BE6200C45,OLT25NPY3UK,Eggs,130.72,2017-08-17 18:24:15Z
85EA2874-A387-DDB6-DACE-E9238A97874E,PDH21WYL3QN,Salmon,140.03,2010-12-31 09:51:41Z
9E565A16-1DFA-2130-8A3D-9DE477E681B1,UPQ74SZR4GJ,Fruits,171.97,2021-04-27 12:35:48Z
E8E994B5-C08E-3243-5EB1-86E1964CE358,OLT25NPY3UK,Mustard,162.7,2021-09-12 03:02:25Z
64455FAE-4544-345D-48BC-B1C6F16AA46B,JLR04AMT4SR,Paper Goods,109.38,2018-03-13 00:20:46Z
3F2CA5EA-845F-71CC-D8A3-412238CE1719,ASJ80SPW6GW,Alcoholic beverages,190.4,2017-05-06 13:50:30Z
540C943A-F3E6-0399-3628-37942824F2C3,RMO23FNM8ZE,Medicines,210.62,2014-05-16 05:10:18Z
7B697033-358F-E616-BDC7-AB3EAB369595,QYO02IHJ4CT,Condiments,226.38,2012-07-29 04:27:08Z
C9D98D5E-58E1-0F63-E1D0-2F9536D93306,MCB21QLB4BY,Mustard,234,2015-10-25 15:23:04Z
524D7278-786A-6456-43EA-C28449519D5E,CFN06GBY7EB,Sauces,193.19,2017-07-04 03:22:42Z
6A54ABDC-36E4-1291-DDE6-E2D4ACB67054,KLY23XPY8BA,Decorations,119.69,2014-12-18 06:21:28Z
61DEBD59-BA6A-F99D-F501-C495A1384B66,OLT25NPY3UK,Sauces,173.23,2012-07-23 08:55:11Z
C7742804-5874-9EE5-A141-AC2B6C96678A,JLR04AMT4SR,Seafood,138.2,2020-01-10 14:24:25Z
5EF11EF5-66D9-68B5-2896-05166D7767A2,PDH21WYL3QN,Nonalcoholic beverages,150.37,2013-04-02 11:10:56Z
6F750D76-7F76-424A-D62C-3C5F3B7AEA2C,PDH21WYL3QN,Housewares,238.44,2022-04-16 11:40:50Z
79C26BEA-291C-B947-7296-5A89A42EB5AB,PDH21WYL3QN,Meat,240.48,2010-08-04 14:36:58Z
D85997DA-CCA4-3372-AB11-4432406E56EF,PDH21WYL3QN,Dishware,244.45,2013-07-01 15:04:45Z
1C9487E4-4DCA-E327-50A2-137649BB0A6E,JLR04AMT4SR,Coffee,142.27,2015-09-14 05:12:09Z
56B059E1-695D-C2ED-85D6-C709DE2A684D,PKX71MDR7TX,Sauces,171.12,2017-06-02 03:53:10Z
E448A2D2-F122-657A-C4E6-8934AF4EBA2C,RMO23FNM8ZE,Bakery products,175.64,2010-07-22 09:54:58Z
95828333-5A9B-8719-9D4B-C25095E1B75E,MCB21QLB4BY,Tomato sauce,127.88,2010-06-29 07:27:29Z
C3374E05-D168-E59C-F3AA-0B487B5046C8,KLY23XPY8BA,Candies,126.57,2017-09-17 18:40:55Z
3C3E293D-7E53-7DDC-CE88-D4B0C61D8D26,QYO02IHJ4CT,Cereals,178.09,2011-11-15 10:31:42Z
4137273C-7D11-71D3-C880-98127C8BC497,XMC46BJB8RT,Cheese,140.77,2012-06-05 18:12:24Z
D92FD36F-C6D9-4A34-5318-AB1C5511B52F,JLR04AMT4SR,Dry Goods,246.52,2016-12-09 19:07:29Z
CE3B0CB0-950E-E734-0C2E-3B486926B0AF,MJK16RRR2OH,Olive oil,215.63,2017-02-02 06:11:26Z
78F56A45-C35A-CAC9-8CD8-7F552AE9186E,UPQ74SZR4GJ,Personal hygiene,183.47,2022-05-04 21:03:19Z
5811BEA4-3C14-7284-593A-AD4E24D5CDEA,ZQX26APL1AT,Paper Goods,108.02,2017-07-06 14:57:19Z
E9781137-D202-D1AF-79DB-397DB94C22B5,JLR04AMT4SR,Flowers,223.68,2017-05-19 06:52:49Z
C03F84BD-45DD-C530-9258-95220A1F8217,UPQ74SZR4GJ,Sweets,243.35,2015-08-16 13:03:40Z
6C339D2C-0BBA-4362-F275-E86331F896D3,ZQX26APL1AT,Bottled waters,158.91,2019-05-15 02:49:09Z
D6707BA0-FB2A-3D19-617C-15A634729596,MJK16RRR2OH,Dairy,209.59,2014-12-20 15:40:53Z
1C4610C8-3C3F-7A7B-FBDD-E3234E2F878E,ZQX26APL1AT,Decorations,223.63,2010-10-05 19:15:43Z
B761F390-D58C-C87B-C3EA-5BD5C533B23A,MJK16RRR2OH,Detergents,239.68,2019-12-13 04:45:06Z
54998A72-F9EC-5552-7886-9AF8B480CEE5,KLY23XPY8BA,Condiments,101.17,2018-02-06 16:26:29Z
97B8FA9B-1CDB-3756-EBB9-A11C875257AA,MJK16RRR2OH,Pet foods,187.46,2017-04-18 06:58:41Z
1AF1A76D-CD86-850A-61EB-EE1B5B7A1977,RIS45QSH4NG,Olive oil,243.38,2018-01-30 09:14:04Z
47225F6E-8414-984E-E7D1-53533E143A67,ZQX26APL1AT,Flour,220.98,2014-07-01 15:33:17Z
431F1F11-AA9A-7726-DA7B-59EEBD7FE26C,UPQ74SZR4GJ,Cereals,235.75,2015-06-14 16:45:25Z
191A664A-A6E1-09EA-B2E2-45EFEA595FD4,UPQ74SZR4GJ,Eggs,178.67,2017-05-11 14:10:09Z
A588B647-786D-3F89-A6AA-95727422C636,OLT25NPY3UK,Condiments,150.44,2015-12-31 20:39:30Z
894695A6-8037-8236-C437-D22B096DAD45,MJK16RRR2OH,Hygiene products,114.39,2017-08-30 07:15:47Z
7E277643-6468-B1F4-CAFD-59AD715F7FB8,QYO02IHJ4CT,Olive oil,215.26,2015-01-15 16:14:23Z
CD9FE381-B856-44C7-05EC-E51D31E41D17,JLR04AMT4SR,House-cleaning products,113.31,2011-11-20 07:54:27Z
3FABDD46-ED67-6EB6-7C34-354352FC5CEB,XMC46BJB8RT,Chicken,120.95,2015-03-18 03:23:13Z
C703314A-2D67-1E13-56FB-8B7C157B5109,XMC46BJB8RT,Poultry,191.09,2013-11-10 11:53:34Z
DCD95B64-4E29-21FE-4C19-654D6159CCCD,XMC46BJB8RT,Medicines,204.49,2019-02-11 19:19:07Z
CE736E57-6912-C7C9-7FE3-4ED49D74A5D7,KLY23XPY8BA,Cosmetics,107.18,2019-03-04 14:35:22Z
E3172F4D-A701-7CD1-AD37-1434CF0E1B7E,PDH21WYL3QN,Alcoholic beverages,105.19,2016-06-14 04:50:53Z
5DDFBB87-0D98-8496-CA4A-A9D5698E4EEC,UPQ74SZR4GJ,Brown rice,116.2,2019-06-19 22:46:20Z
ACFB831B-262D-41DE-A910-797332DCB574,PDH21WYL3QN,Flowers,177.62,2010-12-18 08:10:17Z
C8872947-F4A2-5DED-2BBE-367BACDDD9B7,MJK16RRR2OH,Snack foods,200.94,2016-04-24 18:06:09Z
22EB958B-256D-D125-62B9-E188ACCDE72B,MCB21QLB4BY,Fish,210.48,2021-07-26 22:37:25Z
D95667DA-0954-B3CB-E0DD-F247988932D8,RMO23FNM8ZE,Hygiene products,209.95,2018-12-05 00:05:12Z
D7DFDC82-6C9A-3252-C463-61020B9DC677,RIS45QSH4NG,Bottled waters,224.61,2011-07-22 08:26:42Z
BCD62265-5DC9-726E-5239-6DC49A7D93A4,MJK16RRR2OH,Seafood,111.33,2014-02-12 08:42:07Z
2E9BAF8B-72F4-9417-976B-6B4B2955E159,KLY23XPY8BA,Tomato sauce,234.24,2014-01-31 09:05:58Z
95BDC471-0496-984D-29BD-71C8C6BCDF70,ZQX26APL1AT,Seafood,248.04,2011-04-01 07:30:54Z
1386862A-3760-71CB-48AD-2C306B477653,JLR04AMT4SR,House-cleaning products,196.1,2017-01-20 07:15:17Z
7D37BEBC-AB89-B312-C476-56A677B1D398,JLR04AMT4SR,Salmon,131.15,2011-09-24 19:37:13Z
38D1DE88-1835-3E1B-491E-52DCDD28C57C,RIS45QSH4NG,Meat,228.3,2012-06-20 17:57:29Z
59E8C9AC-5CA9-1679-A418-4E6D98E7FB1A,ASJ80SPW6GW,Dishware,119.31,2013-02-16 18:54:17Z
454CD9C6-62C2-EDE4-AD88-74772EDCD227,MCB21QLB4BY,Pasta,120.39,2015-01-21 16:07:49Z
046EAC1C-7A24-48EC-E92B-57A661D1E51D,JLR04AMT4SR,Personal hygiene,124.51,2015-08-30 04:22:24Z
7EDD2A6B-A848-3367-522C-513CEF5C456B,ZQX26APL1AT,Housewares,103.24,2014-08-11 00:42:36Z
257CE34F-6D95-8A16-BC3C-6B911C7041D9,PDH21WYL3QN,Mustard,223.12,2018-11-02 01:12:55Z
049434F1-6BC2-9EBB-51BA-A203BB5D1C00,XMC46BJB8RT,Bottled waters,203.2,2013-08-07 12:28:12Z
672CCE21-97B9-94BC-623A-E465C2BC20BC,UPQ74SZR4GJ,Brown rice,237.93,2011-10-21 05:11:55Z
446F2CE6-3D48-6EE3-B263-A6B442D2D7B8,XMC46BJB8RT,Baby food,219.03,2022-03-21 06:41:14Z
1581913A-2A1B-1158-B983-65860976D8F2,KLY23XPY8BA,Olive oil,123.85,2019-08-30 17:35:27Z
DD4316AD-0607-2468-D478-3893C8B2FBF2,QYO02IHJ4CT,Medicines,190.05,2017-04-18 13:45:40Z
2E829BCC-71A5-967C-747C-41355BDDA45E,CFN06GBY7EB,Cheese,187.58,2011-08-03 10:52:58Z
A51B8512-6774-BED4-CE63-B823836944C4,MJK16RRR2OH,Chicken,144.92,2021-05-29 05:28:10Z
7D962143-1B28-08B5-1834-B2A6662684CD,JLR04AMT4SR,Eggs,196.76,2014-03-30 09:05:47Z
854B5B5A-B7EF-5AEF-2F08-7841E9DC61AA,OLT25NPY3UK,House-cleaning products,126.06,2016-12-13 10:16:11Z
2BE4B9FA-5F31-F56A-25CD-A522F8CE9A46,ASJ80SPW6GW,Sweets,196.09,2016-08-20 18:23:37Z
87EE67D8-571D-BE12-9165-C636EE8C9313,ZQX26APL1AT,Cosmetics,227.48,2015-08-17 10:37:08Z
6D0043D7-5B88-1CAC-C3BD-6E5EB212CB15,KLY23XPY8BA,Olive oil,149.58,2010-10-26 22:40:07Z
FA6BB717-EE82-3A7B-5632-37417C033263,PDH21WYL3QN,Vegetables,122.76,2016-12-03 13:27:40Z
38B49309-2232-E79B-AE8B-EFDCD52D5195,JLR04AMT4SR,Poultry,120.15,2019-08-15 17:56:00Z
45A4E77C-17BF-18E1-530D-456221954530,UPQ74SZR4GJ,Poultry,172.79,2019-10-15 20:15:49Z
8C5644F9-3396-6B3C-A6EE-BE4872C828CE,RIS45QSH4NG,Cheese,212.86,2012-06-17 06:33:23Z
E5471E96-D01F-7CD9-04B6-3876C1E9E61D,KLY23XPY8BA,White rice,214.66,2013-10-02 04:32:36Z
3EFA25B8-1A97-FD61-876C-C19473F85B71,UPQ74SZR4GJ,Cereals,197.59,2011-05-28 09:07:41Z
1C31B5DA-5969-B4C0-7E94-45C8B92639BC,PDH21WYL3QN,Dishware,230.87,2017-07-18 19:37:38Z
4B493055-597C-162C-7A2C-20FA9926A630,CFN06GBY7EB,Chicken,153.94,2011-11-18 09:17:29Z
2598D9F5-6892-A331-675D-9F4786C1C235,UPQ74SZR4GJ,Toys,242.05,2012-12-25 04:29:52Z
92382484-409D-F471-0BCB-E8445985D3D2,XMC46BJB8RT,Tea,161.97,2010-06-27 03:49:35Z
520FA38B-1AE3-45BA-889D-BB8A181D289E,ASJ80SPW6GW,Flowers,238.72,2012-11-12 03:00:18Z
EEC615ED-1E85-86A5-93C0-F8461C13888D,RMO23FNM8ZE,Toys,136.65,2010-07-30 01:15:39Z
8358C9C7-E691-8503-14B4-07554B2E224B,ZQX26APL1AT,White rice,142.32,2012-03-09 11:24:41Z
533B4675-16A4-C88D-DE57-CE2BEA1E8101,PDH21WYL3QN,Decorations,159.57,2017-03-08 17:48:36Z
3D1B7E09-8233-9BE5-64E4-DA9D186C2A89,ASJ80SPW6GW,Baby-care,203.51,2012-04-17 04:27:04Z
8053F632-D2B2-8767-056D-6AC85FC4048D,ASJ80SPW6GW,Bakery products,167.72,2019-08-05 22:24:39Z
AE35F59A-3189-4689-A93D-9FDA9221350C,RIS45QSH4NG,Frozen foods,172.28,2020-11-13 18:29:34Z
077BCE1B-1528-96C3-C340-EC3E98B2DE9D,RIS45QSH4NG,Fruits,211.43,2018-08-15 12:56:50Z
94D31980-5611-E324-1231-409429AA513D,ASJ80SPW6GW,Olive oil,107.63,2018-02-02 07:50:30Z
674EA299-DEF3-AB96-55B5-8D575A8523A8,RMO23FNM8ZE,Coffee,122.73,2012-03-21 13:44:25Z
4379E036-52EA-BE14-A0F7-3BCD40F9652C,MJK16RRR2OH,Poultry,236.26,2013-06-16 21:22:44Z
83A2532E-EB59-D8AA-DA48-1A7858553495,KLY23XPY8BA,Bread,224.47,2013-03-26 10:04:41Z
624C34A4-C69C-6A19-07BF-33684F2CDBF7,XMC46BJB8RT,Pasta,239.85,2020-04-06 22:17:31Z
ACDB4A9E-127D-B969-02F4-4E2BBA431A56,KLY23XPY8BA,Candies,167.38,2017-11-02 07:26:01Z
A3A1BEA8-F8AF-A9D7-39BE-22B0922F3469,JLR04AMT4SR,Fish,178.86,2018-05-02 05:55:46Z
33A47B19-4A2A-0F78-54F6-71C3F82C96BD,KLY23XPY8BA,Brown rice,148.55,2021-12-28 09:39:45Z
3B2A57F9-8930-7C4A-DE5B-EAD5E1311C07,QYO02IHJ4CT,Dry Goods,192.27,2021-03-24 21:37:40Z
D548DB11-8149-4543-1978-742B6E2D081C,ASJ80SPW6GW,Bakery products,203.06,2014-10-04 21:28:23Z
27477131-AF99-69C2-DC43-67B9FD12CDDD,XMC46BJB8RT,Medicines,223.84,2014-06-02 14:38:53Z
5C8EA817-1CA3-D86C-F3C7-332872C2B148,JLR04AMT4SR,White rice,113.66,2013-11-15 05:28:58Z
52E35603-DC4E-8674-EC5D-5E2864FD7700,UPQ74SZR4GJ,Bread,210.4,2014-05-14 10:56:12Z
07CB3763-2B4D-8BC3-5FFE-79BA5BF5BFA7,MJK16RRR2OH,Vegetables,197,2020-01-16 00:38:43Z
71EB84A9-0EF7-8AB8-3A2C-B75E80680BF8,KLY23XPY8BA,Canned Goods,200.51,2013-01-22 21:40:10Z
4AFC1726-D8A5-E5D8-D7B5-161EC96C08B7,MJK16RRR2OH,Olive oil,168.91,2021-05-07 06:32:51Z
E8725966-C445-4B3E-782B-360ADE22F1A3,PKX71MDR7TX,Hygiene products,173.11,2012-10-11 01:35:48Z
73DE57C9-69DD-6A54-1804-9365C68E9CBB,QYO02IHJ4CT,Candies,154.17,2011-04-18 20:49:57Z
5CE25111-A19F-AF3A-33DA-5B912C2BF6A3,UPQ74SZR4GJ,Personal hygiene,188.65,2014-02-28 03:12:04Z
6176A36D-23FC-3BE9-E6A4-785542D6AF34,UPQ74SZR4GJ,Salmon,202.9,2015-05-01 13:56:39Z
45A568CD-2D17-F312-9AC1-D190E984BE3A,ZQX26APL1AT,Fruits,113.82,2012-04-18 02:32:57Z
1320DF12-3071-251A-9B61-AF78E210B21E,XMC46BJB8RT,Fruits,103.68,2011-08-06 10:58:02Z
78A53866-1115-5C9D-6C7D-BCA4B88BCDD6,PKX71MDR7TX,Chicken,200.75,2020-01-14 22:32:32Z
165BD229-172E-1B5E-E343-BBC882AA5CA3,QYO02IHJ4CT,Sweets,229.53,2012-04-17 05:33:30Z
4D123525-69A5-C4A3-CE44-735EC838BD62,ASJ80SPW6GW,Coffee,169.87,2014-01-12 19:39:53Z
7E4BF31A-2522-AC33-A7BA-CAC40A06967E,ZQX26APL1AT,Decorations,199.38,2021-10-23 12:22:41Z
AE08F311-52D4-A132-903F-118D53310731,JLR04AMT4SR,Ground turkey,231.9,2017-02-26 02:47:01Z
EAD8009E-7B4B-7E24-FD6A-6981A445C6B7,ZQX26APL1AT,Vegetables,141.62,2012-08-05 06:07:31Z
6C123577-28E6-7742-33A8-5E223718BDCE,ASJ80SPW6GW,Mustard,175.44,2011-07-20 19:54:12Z
D2B017C3-4A84-E4BD-6AD6-4A6A8837C436,RMO23FNM8ZE,Tomato sauce,201.26,2014-06-06 14:14:01Z
E77C1C1C-AC86-86D7-BCEB-54A3087A61B9,KLY23XPY8BA,Cereals,115.49,2012-03-16 04:58:07Z
00C0C473-1D76-4CA2-DA9D-5AE331B331D1,MJK16RRR2OH,Dry Goods,248.57,2014-01-11 02:18:10Z
411BA64D-D58D-D969-1471-42D3A06EC4C2,PDH21WYL3QN,Meat,150.6,2021-10-11 03:21:38Z
3BA58E11-57E8-433A-FB51-8CB6428C6F48,RMO23FNM8ZE,Seafood,222.61,2015-05-02 17:32:03Z
6A31340C-E7B2-C667-4A66-E454E143AFB0,MJK16RRR2OH,Flour,156.03,2021-11-12 16:01:55Z
72F400A1-183B-23CD-3D9C-6176334A8DB3,MCB21QLB4BY,Flour,230.69,2012-01-14 12:25:32Z
36C61F74-E436-2AD1-231E-220969C229D9,XMC46BJB8RT,Grooming products,134.19,2021-05-18 01:09:37Z
8236306A-9855-E796-3E7E-777D344D9E7E,XMC46BJB8RT,Toys,141.37,2014-02-04 21:51:20Z
7BE752C2-1897-5423-C209-6E7D1256A987,UPQ74SZR4GJ,Baby-care,191.9,2011-05-11 15:17:37Z
1BE41BE2-4287-05AC-4691-72D2B65E3B58,ASJ80SPW6GW,Salmon,125.38,2018-12-13 02:22:22Z
B579F802-67ED-EE59-AAB4-1E3E8A363E28,KLY23XPY8BA,Pet foods,106.45,2015-11-30 08:42:16Z
E0238CB0-0822-4D3A-9E62-1F3D72EAB4DB,MJK16RRR2OH,Condiments,212.28,2012-03-16 09:15:39Z
27ECE148-C7C6-E6EF-69F2-6835BDB43523,RIS45QSH4NG,Baby-care,213.9,2015-09-13 17:31:21Z
8B028639-EACB-DE08-7FF1-64ED77AE8F87,UPQ74SZR4GJ,House-cleaning products,228.7,2019-05-04 13:26:39Z
9A02677F-0DC3-6CD9-E8B8-4CB8A4743572,MCB21QLB4BY,Bottled waters,225.78,2019-02-28 11:54:30Z
1D95F4D6-A185-38BC-31DB-EA88CE88AEAA,ASJ80SPW6GW,Poultry,126.87,2014-03-30 11:52:46Z
B2F86400-E823-DDD3-B32B-BFE738ACD596,JLR04AMT4SR,Flowers,129.88,2016-02-01 00:51:24Z
7AAEEC97-D1C6-FE26-A9BA-EE36206B3B6D,XMC46BJB8RT,Dishware,130.84,2011-08-17 09:54:01Z
F9C81805-D81B-8AE5-7B22-6E6BA7D83B0B,MCB21QLB4BY,Toys,197.57,2014-10-19 07:19:27Z
B97C116E-C924-A42B-9D4E-D1803E202AAA,JLR04AMT4SR,Personal Care,183.55,2021-07-29 18:29:00Z
28192D05-3B8F-DE73-1BB0-CB0CDAAE7997,RMO23FNM8ZE,Tea,153.23,2016-08-29 14:33:28Z
EB7BED78-64E8-E234-C1BA-C42A7D7A314B,OLT25NPY3UK,Medicines,234.73,2015-02-25 14:34:39Z
27674661-E2C9-9DB3-2266-7523115A232C,QYO02IHJ4CT,Personal hygiene,184.45,2010-09-27 07:24:33Z
338B6A91-CE91-4355-9499-5B5E5E73ED7C,OLT25NPY3UK,Dairy,123.49,2019-10-22 16:17:05Z
E4C75881-DCB4-7864-6AAF-CA33CA878145,PKX71MDR7TX,Frozen foods,229.39,2015-10-25 19:51:18Z
49B7A9AA-C126-72CA-871C-844CBED358C9,JLR04AMT4SR,Personal Care,234.57,2014-10-09 10:27:18Z
3936975B-6B76-ED63-3374-A273A6D0E7FE,KLY23XPY8BA,Cereals,194.55,2014-03-05 14:03:40Z
65C20847-9EF7-4419-C215-7CBD56845C29,XMC46BJB8RT,Fruits,167.32,2013-05-14 15:26:35Z
2992C1E1-5665-5B76-72E2-5DAE5CF36082,JLR04AMT4SR,Sweets,135.86,2012-05-07 08:13:03Z
7AE39BE5-DE68-C8A4-C6AA-C2829DBA5B96,PKX71MDR7TX,Housewares,105.51,2013-07-19 09:27:04Z
5541EA21-0238-8449-B6E5-A8D6BC21D34D,MCB21QLB4BY,Bread,146.44,2014-10-03 01:46:12Z
A639C527-2684-AB63-5EDE-33BD471591ED,ASJ80SPW6GW,Pasta,139.95,2013-08-12 16:25:49Z
05734E15-BC44-BE1B-CFEA-B3556D9B1077,RMO23FNM8ZE,Eggs,227.47,2015-03-16 02:04:43Z
51D3D1DB-EDCB-C2AB-C3D4-C08C38C44B48,XMC46BJB8RT,Personal Care,123.51,2011-01-02 19:23:32Z
3F3C737A-9769-B1BE-DAB0-4EF9D0E109D5,PDH21WYL3QN,Alcoholic beverages,109.47,2012-04-06 07:12:36Z
380D7686-22CA-47E7-AA56-334370A19C40,MCB21QLB4BY,Cheese,149.55,2011-07-24 05:34:32Z
71102486-75ED-4BEE-5653-49634BD5EF50,PDH21WYL3QN,House-cleaning products,150.74,2019-08-23 00:22:00Z
C6B1DCEC-026E-5169-6DF5-3B27022FDE4C,CFN06GBY7EB,Olive oil,198.15,2021-03-26 07:05:16Z
43C7EBCB-47BB-84E9-80BA-D97384DFD78E,OLT25NPY3UK,Fruits,103.19,2019-11-20 12:33:00Z
B4BDA932-D8EA-DA3E-FDAC-5157C94FA5B6,CFN06GBY7EB,Tomato sauce,108.01,2011-10-16 18:54:16Z
4B6F117B-3992-7210-95AA-578264C2707A,CFN06GBY7EB,Poultry,211.02,2013-02-04 15:37:56Z
2C3DB269-4BCC-D515-7AB9-AA4CC14BBCE9,QYO02IHJ4CT,Brown rice,245.81,2014-11-15 19:44:30Z
9CA6AC8C-EC13-DCC6-1FAA-568F91130D29,KLY23XPY8BA,Snack foods,197.84,2011-06-26 01:30:38Z
4DD76234-9A60-B18C-CC91-FB75CD350B52,JLR04AMT4SR,House-cleaning products,223.54,2015-06-11 19:38:04Z
5290EC53-EC1C-7AEA-C9CA-DC76A79872D5,KLY23XPY8BA,Vegetables,164.52,2021-04-03 02:12:22Z
1B334288-7E31-3BA7-D4B8-65F9CBA23399,MJK16RRR2OH,Bakery products,217.68,2018-01-27 11:58:21Z
26C16EA6-0587-7DFB-BAAE-39BAE47720EE,UPQ74SZR4GJ,Hygiene products,237.8,2011-08-14 21:33:04Z
4FD8B79D-912B-9963-2447-7CCF3EA3715B,PKX71MDR7TX,Cereals,237.98,2015-02-21 06:32:44Z
AF75F9B2-839C-31A0-47A6-19B05DA614B5,JLR04AMT4SR,Cereals,229.19,2018-08-25 10:09:04Z
77DF26A8-2D7C-7EE8-BE54-1D6EE07F6981,JLR04AMT4SR,Baby-care,108.66,2014-09-11 03:48:06Z
02B7DA41-ED4B-A125-7B74-D91C488CCC6E,RMO23FNM8ZE,Dry Goods,231.48,2020-02-03 22:25:14Z
D074EA2B-D784-4A7E-2BE5-D87968ECB128,RMO23FNM8ZE,Alcoholic beverages,183.71,2020-05-25 16:15:48Z
1EA71401-5BAE-B483-34E9-A0D64B10488B,JLR04AMT4SR,Condiments,201.55,2013-07-28 07:56:49Z
52B907C8-EFA3-56D1-5E33-4F99E131B541,RIS45QSH4NG,Eggs,205.97,2022-05-08 03:10:14Z
291D7EB4-CC49-8780-DF36-73F2D33D705A,PDH21WYL3QN,Personal hygiene,102.63,2014-09-03 12:36:47Z
11BB21A6-D799-2A0E-D4EA-9B4F2F358659,CFN06GBY7EB,Ground turkey,140.93,2020-09-11 22:52:54Z
1B850282-33D9-AC29-2A42-DD82E14384D1,ZQX26APL1AT,Ground turkey,240.2,2014-12-27 03:23:03Z
C4D389D2-F147-866E-B55D-0593018A89ED,OLT25NPY3UK,Candies,223.52,2019-01-01 19:53:27Z
0B151E3B-D482-3D44-C128-668997A9BBBD,ZQX26APL1AT,Dairy,116.92,2013-03-22 11:27:16Z
4797EB83-19D7-ED7E-1BC1-BED28E84C08A,CFN06GBY7EB,Condiments,232.33,2016-04-10 12:16:26Z
1B03573A-9BA7-AB04-499E-38BBFF6161DB,KLY23XPY8BA,Hygiene products,246.56,2020-10-04 00:41:37Z
6DDBF35A-7847-6941-B6CA-6AEC7A6E6653,MCB21QLB4BY,Bread,170.52,2020-04-08 07:04:01Z
91B18839-ABA6-7817-3136-54563EC78152,KLY23XPY8BA,Flowers,179.85,2012-05-23 21:11:57Z
6EE62C4B-15B4-B18D-9E18-769D3284094A,PKX71MDR7TX,White rice,184.51,2011-02-28 20:43:06Z
42884143-A6BB-8D45-B394-8EE7917E25D3,PDH21WYL3QN,Bread,164.71,2012-04-14 13:52:57Z
4053CD13-EF51-9EA3-EAA5-33A1E1AEA480,KLY23XPY8BA,Mustard,131.9,2018-03-26 21:15:03Z
41B5E3EC-4EAA-1418-CC0B-F01FC1A3F88D,MCB21QLB4BY,Cosmetics,196.48,2016-06-19 01:52:20Z
E45FB3A9-F622-EB46-0133-423365B59068,OLT25NPY3UK,Personal Care,116.19,2015-09-21 04:02:55Z
CB63753C-71FB-465D-08C1-4216CD638220,ZQX26APL1AT,Dry Goods,159.99,2019-01-22 11:01:25Z
EC88E669-ECED-3A28-1CA0-488E7218BC8E,QYO02IHJ4CT,Frozen foods,172.4,2017-08-17 17:27:11Z
1244B616-07D3-5929-55E3-8E10E2B1F126,QYO02IHJ4CT,Personal hygiene,156.54,2018-07-12 19:53:21Z
68E453D1-82E6-1554-79C9-C73467ECD7DD,JLR04AMT4SR,Olive oil,170.45,2013-07-07 02:42:17Z
8226E2BF-E7D4-4E52-EF17-14F96A792E79,ASJ80SPW6GW,White rice,200.35,2022-01-14 16:14:14Z
1A8B797B-43E5-68E7-BE5C-76233EF81B2B,PKX71MDR7TX,Cheese,137.91,2016-01-22 04:27:41Z
C97F316E-8B5A-12B5-7431-B53538187248,CFN06GBY7EB,Bread,169.46,2018-07-18 04:31:16Z
976DEB8B-68E3-2DB4-84E8-33AF8CCDA463,QYO02IHJ4CT,Condiments,201.79,2015-09-22 07:35:28Z
FE317A44-B822-2940-BB36-0D1B48782DC5,JLR04AMT4SR,Mustard,203.01,2017-03-21 01:49:29Z
5A0F941A-6AB3-3E45-9805-99D1F5FD1BBE,ASJ80SPW6GW,Salmon,170.68,2016-02-01 09:02:34Z
EEA5C498-8671-9C21-C418-5FE977492888,MJK16RRR2OH,Bakery products,208.27,2019-04-25 07:04:06Z
A3B474E2-4FBE-BE9D-7D4C-DB3E12A12797,JLR04AMT4SR,Tomato sauce,204.16,2021-08-13 22:35:58Z
42811F83-A819-31E1-4154-15975978EEBB,OLT25NPY3UK,Personal hygiene,228.16,2010-07-30 22:37:15Z
8B9D1CE8-961C-F375-7AD5-6B939D6C4839,KLY23XPY8BA,Canned Goods,203.6,2020-09-29 10:02:27Z
7187D786-9E63-41F9-1708-82B7EC2C7A95,QYO02IHJ4CT,Personal hygiene,133.83,2016-08-27 22:30:27Z
1FF7E66D-4DCC-234A-97D5-BE31B73EA8E3,QYO02IHJ4CT,Medicines,180.12,2020-11-08 02:43:50Z
65911791-8626-328E-18DF-24BA29D89F7A,OLT25NPY3UK,Tomato sauce,183.7,2015-01-17 07:34:18Z
81BED2BD-B843-84B0-B3D8-01CA583185BD,PDH21WYL3QN,Detergents,172.71,2012-10-29 13:22:39Z
283593BA-B198-15C1-683E-249240AAAB58,XMC46BJB8RT,Diet foods,208.99,2014-11-22 04:33:52Z
134D5AD6-4431-E289-9BD8-5DCE93942103,KLY23XPY8BA,Frozen foods,188.75,2018-03-22 06:38:28Z
ACC4F7F2-AD6B-0B12-CB61-B5E777ABBA61,KLY23XPY8BA,Hygiene products,119.6,2019-07-29 10:44:44Z
AB6D92B6-D1F5-0CEA-A76A-9D6A4759C616,QYO02IHJ4CT,Bakery products,231.53,2015-06-27 03:26:30Z
B278C76D-9FEB-5C37-1AC2-727C6AB8B161,PDH21WYL3QN,Sweets,138.12,2017-03-31 12:54:19Z
437981C5-7B42-452E-A763-23B2979B35A5,XMC46BJB8RT,Poultry,112.01,2013-01-26 19:28:47Z
BBE69965-F299-B5C9-2BDE-B045C232BA52,XMC46BJB8RT,Paper Goods,130.26,2013-08-29 22:21:44Z
92E44AA6-6444-81DD-EFDC-B50D5967D85B,QYO02IHJ4CT,Hygiene products,184.09,2015-12-23 20:43:49Z
FC916497-A26C-C45D-62F1-03F4D6566DA0,XMC46BJB8RT,House-cleaning products,138.32,2021-11-05 10:25:45Z
AFBA4726-EAD6-5C2F-BAE7-3F67B9B84DF8,UPQ74SZR4GJ,Dishware,148.19,2013-08-29 19:20:02Z
C64F5831-769C-2ED4-5C14-87DB5CECB8F2,JLR04AMT4SR,Vegetables,138.75,2011-04-18 07:01:31Z
C4C2932B-539A-D5F1-114B-7B76EAF58DE0,XMC46BJB8RT,Chicken,173.16,2013-08-04 21:22:43Z
454C8F66-389E-B574-4856-9EB7B7842911,JLR04AMT4SR,Mustard,108.97,2013-03-13 15:56:10Z
2BBAD223-6A97-2697-78BC-BB8D253FDBDD,PDH21WYL3QN,House-cleaning products,157.82,2019-11-28 16:57:49Z
74577110-C6C2-312A-EC67-A4EFD73306BA,RIS45QSH4NG,White rice,180.23,2018-09-13 10:34:09Z
98CDECE5-BB22-E13A-D03E-AFE3ADAEA733,KLY23XPY8BA,Candies,201.89,2018-07-13 05:38:10Z
6BD285BE-3CA4-C092-8C5A-58AF944BDC56,JLR04AMT4SR,Condiments,186.61,2013-04-13 21:38:58Z
66A635ED-68E8-693A-E62E-D9829277DA1E,ASJ80SPW6GW,Grooming products,182.58,2018-11-15 04:55:16Z
FD37F349-4357-F1A3-24DA-3ABD871369B8,RMO23FNM8ZE,Sauces,137.6,2014-09-08 01:46:21Z
14B0190E-415D-DA42-CE79-A64A249A53DE,MJK16RRR2OH,White rice,227.81,2012-12-31 05:54:11Z
F09DD231-4A92-1153-C3FE-6C66BCEEC55B,RIS45QSH4NG,Sauces,109.26,2012-05-23 02:24:08Z
3E57E0C6-A237-45D5-4601-ABCA99564A5D,ASJ80SPW6GW,Snack foods,241.13,2016-08-02 01:00:04Z
E2F2D7E5-23C3-B66B-E835-0B4DBE289F0B,JLR04AMT4SR,Seafood,120.18,2014-03-25 18:09:21Z
D875163F-C7DA-7EE8-DB27-269B629CCB03,MJK16RRR2OH,Alcoholic beverages,222.45,2020-12-05 09:52:00Z
CFF7D4E0-6744-591A-E44B-10E49222D9D3,ZQX26APL1AT,Chicken,244.44,2015-09-22 06:57:02Z
81215327-B513-D133-78DB-643859D737D3,OLT25NPY3UK,Dairy,223.48,2022-01-01 00:04:49Z
ACA9EE64-83B9-C478-6954-C1D6DDE036C7,CFN06GBY7EB,Tea,214.5,2012-08-18 12:08:40Z
DC4392F4-2D31-C504-583A-45BB12056961,CFN06GBY7EB,Poultry,108.45,2017-05-29 06:08:39Z
D7716D54-D7A1-8BAA-E2DB-83622D8D01DE,PDH21WYL3QN,Sauces,149.44,2015-10-08 19:06:44Z
516788B4-8F6C-D50A-D910-8644B955BBB8,KLY23XPY8BA,Alcoholic beverages,206.77,2021-07-04 03:16:57Z
5D4ACAB6-7D1E-02BC-E5FA-AAD58905A389,RIS45QSH4NG,Salmon,117.91,2013-10-20 10:04:33Z
0DD24977-2EB8-43A2-9AB3-5EF3A8171D9E,XMC46BJB8RT,Fruits,127.58,2011-01-27 11:57:39Z
BE2AB411-312A-4D89-ADA5-A2281BAAF678,MCB21QLB4BY,Decorations,163.54,2010-11-02 04:38:23Z
4102FAC3-BCD6-E8C8-88F8-57BDDD949691,KLY23XPY8BA,Alcoholic beverages,190.12,2014-02-12 17:14:31Z
2AE5B925-FDE8-A939-3D14-4CE08BC76525,PKX71MDR7TX,Pet foods,237.67,2014-05-28 04:41:37Z
01D159C8-8FD9-2239-25CF-EC517CAAC9E1,PKX71MDR7TX,Cosmetics,160.3,2012-10-29 04:49:22Z
74CC4D72-DE00-8F5E-E843-991EF0EE1585,RIS45QSH4NG,Personal hygiene,191.58,2015-05-26 00:09:13Z
75E5403A-B27B-A3CD-63EF-9DB15BA95A1A,PKX71MDR7TX,Housewares,207.14,2016-02-26 17:38:30Z
B3E2EA6E-4ABC-B899-96BC-B8AB65C72259,CFN06GBY7EB,Detergents,199.93,2019-12-04 12:43:43Z
890D336B-2A39-43F5-D744-4AA2F2218CCA,MJK16RRR2OH,Detergents,135.9,2016-09-17 17:50:56Z
B2224EB4-6BAB-7E32-5FE1-4A76C4429549,PDH21WYL3QN,Dairy,171.97,2012-11-10 09:33:18Z
EEF3979A-3645-E8B0-C25C-DFB978CF28DE,ASJ80SPW6GW,Seafood,247.41,2019-05-03 15:46:20Z
93E2CAB0-D668-5CC2-A50A-03574BC6B6CA,KLY23XPY8BA,Ground turkey,107.83,2014-12-02 01:10:39Z
E5A0EBA2-6629-294B-7520-611EEAB70D1B,MJK16RRR2OH,Fish,227.39,2015-12-17 18:29:33Z
8EA24B8B-3682-2341-CD15-B0F52454DBDA,PDH21WYL3QN,Bottled waters,228.65,2021-08-29 10:32:53Z
B3193D0B-7C82-7C2B-12AB-CCB433671539,CFN06GBY7EB,Meat,104.19,2015-10-06 10:46:15Z
FC2E1B33-E43A-AB36-B4A5-7E5939675A1E,JLR04AMT4SR,Fruits,217.06,2010-07-16 03:17:40Z
D8853FED-8EB7-4B6A-960A-463312DC20B5,MCB21QLB4BY,Baby-care,155.59,2014-10-17 10:31:19Z
882C5845-8C91-9336-59B0-6B42F7687DDE,UPQ74SZR4GJ,Fish,175.43,2019-08-02 19:41:01Z
E781858C-D831-AD73-C56D-4A96CBE639EA,CFN06GBY7EB,Bakery products,156.02,2015-04-26 14:33:10Z
DEAC8E13-BB9E-2741-D86E-4AAA8BC1EB53,MCB21QLB4BY,Dry Goods,235.53,2015-08-05 19:47:07Z
941A4B81-2517-1DA8-4A55-6EB671A9C698,XMC46BJB8RT,Meat,198.89,2018-01-05 02:02:57Z
CE74C5AA-CA2D-06CB-94E4-E15127BCED1F,UPQ74SZR4GJ,Flour,129.41,2016-11-24 17:01:26Z
94715B65-B822-C72C-A010-7CFB7560E1DC,JLR04AMT4SR,Fruits,123,2020-09-23 14:05:56Z
99C4E8C6-9669-C336-B78B-EA4B7065C894,CFN06GBY7EB,Candies,227.39,2021-11-28 09:55:20Z
1BD58F23-D45F-8BBC-DE86-567F09C5BA49,RMO23FNM8ZE,Housewares,138.95,2018-01-15 19:46:16Z
5F2B2507-B7AA-DD44-53FD-113EBB5BE629,OLT25NPY3UK,Pet foods,203.26,2013-06-10 05:31:00Z
4C134948-86AA-6A7A-F7A5-5D09AE9551F1,ZQX26APL1AT,Cereals,172.73,2016-12-24 18:11:47Z
D68EA49E-03F8-3B42-DCE9-889DC1818778,RIS45QSH4NG,Condiments,147.77,2015-04-02 22:26:08Z
5670DDFB-ECF6-D678-B7F3-75F09ECBC664,RMO23FNM8ZE,Personal hygiene,126.48,2021-08-15 10:40:47Z
5432B1AD-8E04-6945-B25D-5957F5BBD392,RMO23FNM8ZE,Cereals,151.82,2017-06-28 06:15:38Z
DD37C4D6-7961-8549-489A-4AA6B8847E8D,ASJ80SPW6GW,Seafood,128.96,2011-08-03 05:30:04Z
5310C98E-304B-AA36-517E-3BF0879B47D9,ASJ80SPW6GW,Mustard,161.37,2020-12-04 19:54:49Z
8D2DC53B-653A-A8BE-9FEA-A3937E686C8B,OLT25NPY3UK,Dry Goods,242.89,2020-02-07 03:55:12Z
BD081A00-E856-B2A6-45AD-58C75C579DBD,ZQX26APL1AT,Frozen foods,152.78,2021-10-29 11:30:01Z
329F3CB4-FFC4-CDBA-0AE7-192666BBE444,JLR04AMT4SR,Diet foods,162.42,2013-09-24 10:03:03Z
D12343B4-C79C-C3CB-2CA5-A0EF8A965B25,KLY23XPY8BA,Baby food,207.23,2022-05-20 20:25:22Z
ADA4D49B-3BEF-BF44-97CA-AB3B3D374351,OLT25NPY3UK,Alcoholic beverages,141.46,2012-12-26 07:45:28Z
8C71B299-EB33-8B81-B0CC-2072C79BD342,QYO02IHJ4CT,Brown rice,100.03,2020-08-20 02:03:18Z
A83441AF-FD86-6824-74C8-356962EF811A,CFN06GBY7EB,Hygiene products,206.86,2017-01-01 08:19:22Z
00251113-B683-691F-13C9-23A55B3747FD,ASJ80SPW6GW,Tomato sauce,219.74,2013-12-28 01:53:43Z
87612445-F8F2-203C-DB95-9381D399D48C,MJK16RRR2OH,Grooming products,225.52,2021-04-16 18:25:29Z
9D5C8996-C5EA-8B86-21BA-3AA57DD78876,QYO02IHJ4CT,Personal Care,100.62,2021-08-06 09:25:41Z
1EA80553-5464-494C-1F18-B13BD1D0B017,OLT25NPY3UK,Personal hygiene,126.25,2011-10-09 10:11:03Z
ACC25BB3-91BA-D9D4-5CEB-176C196A4DA3,PDH21WYL3QN,Dairy,176.05,2019-01-12 22:26:01Z
B778C73E-F35F-A9D5-EA7D-41878CBDD6BD,CFN06GBY7EB,Vegetables,112.64,2011-07-16 14:10:34Z
C3AC54FE-5A86-8DE3-96BA-3CA829175EED,PKX71MDR7TX,Ground turkey,186.46,2014-04-16 10:31:01Z
AD618E9E-7385-6495-61E5-B5C9B6D3E5E3,MJK16RRR2OH,Olive oil,157.58,2010-10-12 07:15:32Z
9B58A3C6-F8DA-D2BC-6E33-8CCBF5E3EAD5,QYO02IHJ4CT,Baby-care,139.24,2017-10-10 19:21:41Z
58A5D2E7-90C9-5BC3-E7E7-AA1DD9340163,OLT25NPY3UK,Bakery products,103.83,2018-05-18 05:53:38Z
E5BED719-9329-36B8-D706-0D3936415D70,CFN06GBY7EB,Toys,161.22,2014-01-11 20:18:22Z
6E68662A-9882-29AE-3D68-164375944A97,UPQ74SZR4GJ,Brown rice,158.53,2014-08-05 08:20:46Z
B9CC279A-18CA-64E6-DEA2-55E68AB11E97,CFN06GBY7EB,Sweets,104.83,2011-07-02 01:52:43Z
952E548C-0646-2D8A-1B5E-E248CF62AEC4,UPQ74SZR4GJ,Chicken,162.67,2022-06-03 03:34:51Z
EE56462E-6D5E-78C4-025A-B239A8DF5E4E,QYO02IHJ4CT,Personal hygiene,237.84,2018-08-23 09:20:55Z
966A72BC-9626-BB39-F35C-7E06CB8A9D84,PDH21WYL3QN,Olive oil,209.7,2019-05-10 15:26:41Z
47123070-F85D-C53A-7401-68D58AE1DC4C,JLR04AMT4SR,Candies,129.03,2012-04-23 14:55:02Z
7E3174A6-AD34-B4B9-8D6D-352D2A9AD3C9,RIS45QSH4NG,Brown rice,191.18,2013-03-09 19:26:49Z
4C37BE6E-7117-5D2A-EC18-411E342363DB,KLY23XPY8BA,Chicken,198.85,2014-08-27 21:12:04Z
D0B7A132-F941-30F6-41C7-5B7CADC423F6,XMC46BJB8RT,Bottled waters,205.02,2013-06-26 09:27:37Z
7D896EED-3BE1-A1F2-707D-247E2B13982A,RIS45QSH4NG,Cereals,106.72,2020-11-13 09:25:29Z
4B215A22-B82B-2149-1E2A-AE0E7481CA6C,PKX71MDR7TX,Meat,187.38,2011-03-29 08:20:11Z
BD4462EC-B1B8-0277-EA8B-BF8DBC8B4DD4,OLT25NPY3UK,Vegetables,195.59,2021-03-13 22:57:32Z
A69ACE85-8440-186C-64AD-864A1CA8D382,RIS45QSH4NG,Personal Care,187.99,2013-01-28 19:46:10Z
46438BA3-7A4C-8281-4195-CB976B935301,ASJ80SPW6GW,Poultry,166.3,2018-01-02 15:00:35Z
4A2E5CEA-08F4-74A4-E253-E656C292A129,OLT25NPY3UK,Canned Goods,125.78,2013-05-04 12:55:54Z
1C5F16AC-3584-9217-6F94-5C345312B331,UPQ74SZR4GJ,Flowers,215.22,2017-08-19 16:46:43Z
EACAA3E2-B32C-977C-2CC0-25122AC903C6,PKX71MDR7TX,Housewares,126.7,2020-05-26 03:20:48Z
4BF8EED3-C898-EB2E-7442-AB0F60C30DC3,RIS45QSH4NG,Fruits,162.86,2020-12-30 16:46:51Z
